timestamp,datetime,open,high,low,close,volume
1763337600000,2025-11-17 02:00:00,31.94,32.38,31.64,32.3,5731.62
1763352000000,2025-11-17 06:00:00,32.3,33.28,32.09,33.24,5362.56
1763366400000,2025-11-17 10:00:00,33.24,33.49,32.45,32.63,9527.95
1763380800000,2025-11-17 14:00:00,32.63,33.12,31.96,32.61,15206.86
1763395200000,2025-11-17 18:00:00,32.61,32.68,31.06,31.3,12266.53
1763409600000,2025-11-17 22:00:00,31.3,31.73,31.09,31.65,4956.17
1763424000000,2025-11-18 02:00:00,31.65,31.95,31.12,31.82,8536.17
1763438400000,2025-11-18 06:00:00,31.82,32.0,31.2,31.64,6705.8
1763452800000,2025-11-18 10:00:00,31.64,32.19,31.64,31.85,5491.85
1763467200000,2025-11-18 14:00:00,31.85,32.27,31.45,32.23,9194.85
1763481600000,2025-11-18 18:00:00,32.23,32.65,32.11,32.38,7844.78
1763496000000,2025-11-18 22:00:00,32.38,32.45,31.71,31.94,5771.61
1763510400000,2025-11-19 02:00:00,31.94,32.02,31.32,31.36,4773.17
1763524800000,2025-11-19 06:00:00,31.36,31.71,30.78,31.66,8272.22
1763539200000,2025-11-19 10:00:00,31.66,32.25,31.54,31.9,4882.66
1763553600000,2025-11-19 14:00:00,31.9,32.17,31.4,31.53,8440.18
1763568000000,2025-11-19 18:00:00,31.53,31.65,30.53,30.71,11188.52
1763582400000,2025-11-19 22:00:00,30.71,31.71,30.64,31.69,8710.37
1763596800000,2025-11-20 02:00:00,31.69,31.69,31.12,31.36,6773.18
1763611200000,2025-11-20 06:00:00,31.36,31.7,31.17,31.7,4518.18
1763625600000,2025-11-20 10:00:00,31.7,32.05,31.62,31.98,5080.4
1763640000000,2025-11-20 14:00:00,31.98,32.32,31.67,31.93,10881.67
1763654400000,2025-11-20 18:00:00,31.93,31.95,29.64,30.21,23883.58
1763668800000,2025-11-20 22:00:00,30.21,30.32,29.6,29.78,11455.94
1763683200000,2025-11-21 02:00:00,29.78,30.37,29.33,29.46,16736.03
1763697600000,2025-11-21 06:00:00,29.46,29.66,26.76,28.32,24424.63
1763712000000,2025-11-21 10:00:00,28.32,28.87,28.16,28.32,11341.59
1763726400000,2025-11-21 14:00:00,28.32,29.17,27.72,28.81,17841.34
1763740800000,2025-11-21 18:00:00,28.81,29.53,28.49,29.21,11286.78
1763755200000,2025-11-21 22:00:00,29.21,29.24,28.37,29.0,7395.62
1763769600000,2025-11-22 02:00:00,29.0,29.14,28.76,28.83,3193.63
1763784000000,2025-11-22 06:00:00,28.83,28.84,28.37,28.67,3357.14
1763798400000,2025-11-22 10:00:00,28.67,28.8,28.28,28.69,4379.83
1763812800000,2025-11-22 14:00:00,28.69,28.91,28.36,28.6,2885.68
1763827200000,2025-11-22 18:00:00,28.6,29.04,28.59,29.0,6324.92
1763841600000,2025-11-22 22:00:00,29.0,29.11,28.64,28.81,3621.71
1763856000000,2025-11-23 02:00:00,28.81,29.07,28.62,28.96,3330.48
1763870400000,2025-11-23 06:00:00,28.96,29.26,28.64,28.91,3711.18
1763884800000,2025-11-23 10:00:00,28.91,28.97,28.55,28.73,3750.77
1763899200000,2025-11-23 14:00:00,28.73,29.03,28.58,28.81,4028.92
1763913600000,2025-11-23 18:00:00,28.81,28.94,28.57,28.81,5652.17
1763928000000,2025-11-23 22:00:00,28.81,28.93,28.49,28.6,3127.05
1763942400000,2025-11-24 02:00:00,28.6,29.12,28.39,28.94,4406.85
1763956800000,2025-11-24 06:00:00,28.94,29.33,28.55,28.57,6897.4
1763971200000,2025-11-24 10:00:00,28.57,28.85,28.35,28.66,4640.66
1763985600000,2025-11-24 14:00:00,28.66,29.31,28.55,29.23,7536.01
1764000000000,2025-11-24 18:00:00,29.23,30.07,29.17,29.87,7090.32
1764014400000,2025-11-24 22:00:00,29.87,30.15,29.61,29.71,4926.28
1764028800000,2025-11-25 02:00:00,29.71,29.83,29.52,29.59,2109.47
1764043200000,2025-11-25 06:00:00,29.59,29.73,29.42,29.5,2740.66
1764057600000,2025-11-25 10:00:00,29.5,29.65,29.27,29.57,1751.95
1764072000000,2025-11-25 14:00:00,29.57,29.77,29.2,29.6,10183.57
1764086400000,2025-11-25 18:00:00,29.6,29.98,29.55,29.87,4350.89
1764100800000,2025-11-25 22:00:00,29.87,30.32,29.68,30.18,6998.15
1764115200000,2025-11-26 02:00:00,30.18,30.21,29.67,29.7,3630.38
1764129600000,2025-11-26 06:00:00,29.7,29.96,29.63,29.89,2642.33
1764144000000,2025-11-26 10:00:00,29.89,30.0,29.61,29.83,7767.77
1764158400000,2025-11-26 14:00:00,29.83,31.02,29.26,29.42,69496.47
1764172800000,2025-11-26 18:00:00,29.42,31.5,29.23,30.81,212459.54
1764187200000,2025-11-26 22:00:00,30.81,30.87,29.85,30.38,45167.82
1764201600000,2025-11-27 02:00:00,30.38,30.68,30.26,30.47,10826.03
1764216000000,2025-11-27 06:00:00,30.47,30.8,30.35,30.59,9563.69
1764230400000,2025-11-27 10:00:00,30.59,30.94,30.37,30.58,29952.36
1764244800000,2025-11-27 14:00:00,30.58,30.61,30.13,30.37,17691.16
1764259200000,2025-11-27 18:00:00,30.37,30.49,30.3,30.43,5711.61
1764273600000,2025-11-27 22:00:00,30.43,30.69,30.06,30.16,14182.23
1764288000000,2025-11-28 02:00:00,30.16,30.39,29.95,29.97,12226.09
1764302400000,2025-11-28 06:00:00,29.97,30.07,29.79,29.96,6554.72
1764316800000,2025-11-28 10:00:00,29.96,30.5,29.95,30.17,18789.16
1764331200000,2025-11-28 14:00:00,30.17,31.68,29.96,31.26,112865.67
1764345600000,2025-11-28 18:00:00,31.26,35.52,30.92,33.4,193932.51
1764360000000,2025-11-28 22:00:00,33.4,33.89,32.84,33.37,114361.82
1764374400000,2025-11-29 02:00:00,33.37,33.95,31.94,32.94,178367.13
1764388800000,2025-11-29 06:00:00,32.94,34.34,32.14,32.35,142311.93
1764403200000,2025-11-29 10:00:00,32.35,32.39,31.54,31.65,72129.57
1764417600000,2025-11-29 14:00:00,31.65,31.98,31.43,31.53,39982.67
1764432000000,2025-11-29 18:00:00,31.53,31.77,31.21,31.66,32382.47
1764446400000,2025-11-29 22:00:00,31.66,32.23,31.6,31.79,21988.82
1764460800000,2025-11-30 02:00:00,31.79,32.62,31.28,32.19,76290.45
1764475200000,2025-11-30 06:00:00,32.19,34.9,31.9,34.68,97700.38
1764489600000,2025-11-30 10:00:00,34.68,35.26,32.24,32.51,207809.99
1764504000000,2025-11-30 14:00:00,32.51,32.88,32.14,32.36,42626.8
1764518400000,2025-11-30 18:00:00,32.36,33.01,32.36,32.79,21988.53
1764532800000,2025-11-30 22:00:00,32.79,34.91,32.7,34.6,83871.34
1764547200000,2025-12-01 02:00:00,34.6,34.69,31.98,33.85,212183.81
1764561600000,2025-12-01 06:00:00,33.85,34.55,32.69,34.03,219652.18
1764576000000,2025-12-01 10:00:00,34.03,35.52,33.36,35.2,181174.29
1764590400000,2025-12-01 14:00:00,35.2,36.18,34.45,35.27,207221.6
1764604800000,2025-12-01 18:00:00,35.27,36.77,34.7,35.23,244892.18
1764619200000,2025-12-01 22:00:00,35.23,36.01,34.08,34.11,149936.71
1764633600000,2025-12-02 02:00:00,34.11,34.64,32.41,32.76,161994.95
1764648000000,2025-12-02 06:00:00,32.76,34.89,32.52,34.46,108752.34
1764662400000,2025-12-02 10:00:00,34.46,36.58,33.26,34.33,226930.91
1764676800000,2025-12-02 14:00:00,34.33,36.44,33.68,35.9,102947.54
1764691200000,2025-12-02 18:00:00,35.9,36.14,35.16,35.36,61812.22
1764705600000,2025-12-02 22:00:00,35.36,35.79,34.79,35.67,34570.52
1764720000000,2025-12-03 02:00:00,35.67,36.6,34.49,34.78,141217.34
1764734400000,2025-12-03 06:00:00,34.78,36.66,34.75,35.79,86399.82
1764748800000,2025-12-03 10:00:00,35.79,36.0,34.53,34.56,38090.36
1764763200000,2025-12-03 14:00:00,34.56,35.37,34.48,34.81,41505.47
1764777600000,2025-12-03 18:00:00,34.81,35.61,34.65,35.4,26239.46
1764792000000,2025-12-03 22:00:00,35.4,35.69,35.04,35.44,31020.18
1764806400000,2025-12-04 02:00:00,35.44,35.63,34.23,34.48,49239.63
1764820800000,2025-12-04 06:00:00,34.48,35.28,34.46,35.12,31574.41
1764835200000,2025-12-04 10:00:00,35.12,35.18,34.14,34.36,25428.73
1764849600000,2025-12-04 14:00:00,34.36,35.22,34.31,34.61,50928.74
1764864000000,2025-12-04 18:00:00,34.61,34.62,33.4,33.78,35224.58
1764878400000,2025-12-04 22:00:00,33.78,34.17,33.63,34.04,21449.2
1764892800000,2025-12-05 02:00:00,34.04,34.75,33.72,34.24,40732.31
1764907200000,2025-12-05 06:00:00,34.24,34.46,33.91,34.02,18762.24
1764921600000,2025-12-05 10:00:00,34.02,34.02,31.6,32.16,102534.34
1764936000000,2025-12-05 14:00:00,32.16,32.24,31.62,31.71,34734.99
1764950400000,2025-12-05 18:00:00,31.71,31.72,30.88,31.48,41351.5
1764964800000,2025-12-05 22:00:00,31.48,31.64,31.19,31.35,12326.56
1764979200000,2025-12-06 02:00:00,31.35,31.36,30.65,31.15,15467.78
1764993600000,2025-12-06 06:00:00,31.15,31.24,30.91,31.05,6903.73
1765008000000,2025-12-06 10:00:00,31.05,31.64,31.04,31.41,12434.18
1765022400000,2025-12-06 14:00:00,31.41,31.86,31.25,31.64,20956.25
1765036800000,2025-12-06 18:00:00,31.64,31.84,31.48,31.57,7947.29
1765051200000,2025-12-06 22:00:00,31.57,31.76,31.18,31.23,8844.63
1765065600000,2025-12-07 02:00:00,31.23,31.32,30.96,30.98,8014.98
1765080000000,2025-12-07 06:00:00,30.98,31.25,30.83,30.88,9273.62
1765094400000,2025-12-07 10:00:00,30.88,30.91,30.62,30.79,5410.03
1765108800000,2025-12-07 14:00:00,30.79,30.91,30.03,30.57,28081.94
1765123200000,2025-12-07 18:00:00,30.57,31.05,30.26,31.01,18906.06
1765137600000,2025-12-07 22:00:00,31.01,31.03,29.97,30.36,13373.78
1765152000000,2025-12-08 02:00:00,30.36,31.06,30.27,31.04,13318.16
1765166400000,2025-12-08 06:00:00,31.04,31.32,30.91,31.09,23159.62
1765180800000,2025-12-08 10:00:00,31.09,31.4,30.86,30.91,8174.71
1765195200000,2025-12-08 14:00:00,30.91,30.92,30.41,30.57,20523.47
1765209600000,2025-12-08 18:00:00,30.57,32.22,30.5,31.9,59474.7
1765224000000,2025-12-08 22:00:00,31.9,32.0,31.15,31.26,12862.7
1765238400000,2025-12-09 02:00:00,31.26,31.38,31.02,31.2,9098.5
1765252800000,2025-12-09 06:00:00,31.2,31.21,30.8,31.05,13323.3
1765267200000,2025-12-09 10:00:00,31.05,31.34,30.89,31.26,8576.77
1765281600000,2025-12-09 14:00:00,31.26,31.97,31.24,31.93,19322.34
1765296000000,2025-12-09 18:00:00,31.93,32.38,31.91,31.98,15228.42
1765310400000,2025-12-09 22:00:00,31.98,32.01,31.56,31.81,10100.34
1765324800000,2025-12-10 02:00:00,31.81,31.9,31.38,31.54,10174.56
1765339200000,2025-12-10 06:00:00,31.54,31.63,31.25,31.47,9903.58
1765353600000,2025-12-10 10:00:00,31.47,31.57,31.18,31.44,7173.02
1765368000000,2025-12-10 14:00:00,31.44,31.52,31.14,31.24,6797.84
1765382400000,2025-12-10 18:00:00,31.24,31.68,30.96,31.58,21272.37
1765396800000,2025-12-10 22:00:00,31.58,31.92,30.85,31.16,28908.69
1765411200000,2025-12-11 02:00:00,31.16,31.18,30.23,30.32,20351.95
1765425600000,2025-12-11 06:00:00,30.32,30.64,30.24,30.41,5590.33
1765440000000,2025-12-11 10:00:00,30.41,30.66,30.25,30.28,6669.48
1765454400000,2025-12-11 14:00:00,30.28,30.44,30.02,30.18,8441.16
1765468800000,2025-12-11 18:00:00,30.18,30.38,29.87,29.9,12458.96
1765483200000,2025-12-11 22:00:00,29.9,30.33,29.88,30.13,15308.38
1765497600000,2025-12-12 02:00:00,30.13,30.18,29.71,29.88,7558.95
1765512000000,2025-12-12 06:00:00,29.88,30.08,29.71,29.91,7793.45
1765526400000,2025-12-12 10:00:00,29.91,30.08,29.81,30.03,9029.94
1765540800000,2025-12-12 14:00:00,30.03,30.16,28.98,29.17,18924.8
1765555200000,2025-12-12 18:00:00,29.17,29.52,29.0,29.27,12392.36
1765569600000,2025-12-12 22:00:00,29.27,29.52,29.27,29.45,4840.85
1765584000000,2025-12-13 02:00:00,29.45,30.37,29.27,29.3,34590.87
1765598400000,2025-12-13 06:00:00,29.3,29.77,29.12,29.47,39031.45
1765612800000,2025-12-13 10:00:00,29.47,32.64,28.52,28.99,483604.11
1765627200000,2025-12-13 14:00:00,28.99,29.88,28.93,29.82,45918.59
1765641600000,2025-12-13 18:00:00,29.82,30.07,29.61,30.07,19303.97
1765656000000,2025-12-13 22:00:00,30.07,30.67,29.85,30.38,25839.14
1765670400000,2025-12-14 02:00:00,30.38,30.7,29.66,29.68,29008.78
1765684800000,2025-12-14 06:00:00,29.68,29.97,29.56,29.68,12299.21
1765699200000,2025-12-14 10:00:00,29.68,29.85,29.14,29.32,25860.1
1765713600000,2025-12-14 14:00:00,29.32,29.49,29.15,29.48,9207.2
1765728000000,2025-12-14 18:00:00,29.48,29.49,29.03,29.08,10002.9
1765742400000,2025-12-14 22:00:00,29.08,29.12,28.2,28.52,18392.15
1765756800000,2025-12-15 02:00:00,28.52,29.03,28.38,28.58,18025.29
1765771200000,2025-12-15 06:00:00,28.58,28.82,28.53,28.54,6758.98
1765785600000,2025-12-15 10:00:00,28.54,28.65,28.15,28.53,14720.19
1765800000000,2025-12-15 14:00:00,28.53,28.6,27.68,28.04,21115.22
1765814400000,2025-12-15 18:00:00,28.04,28.05,27.38,27.67,15765.65
1765828800000,2025-12-15 22:00:00,27.67,27.67,27.27,27.33,13536.04
1765843200000,2025-12-16 02:00:00,27.33,27.41,26.87,27.31,13506.4
1765857600000,2025-12-16 06:00:00,27.31,27.42,26.61,26.7,16265.01
1765872000000,2025-12-16 10:00:00,26.7,27.16,26.44,27.09,13029.76
1765886400000,2025-12-16 14:00:00,27.09,27.45,26.74,27.39,23385.38
1765900800000,2025-12-16 18:00:00,27.39,27.51,27.05,27.21,13155.84
1765915200000,2025-12-16 22:00:00,27.21,27.4,26.97,27.08,10541.5
1765929600000,2025-12-17 02:00:00,27.08,27.56,26.89,27.3,8862.12
1765944000000,2025-12-17 06:00:00,27.3,27.69,26.93,26.99,23801.94
1765958400000,2025-12-17 10:00:00,26.99,27.0,26.74,26.87,6843.65
1765972800000,2025-12-17 14:00:00,26.87,27.49,26.6,26.84,32979.4
1765987200000,2025-12-17 18:00:00,26.84,26.96,26.14,26.3,27016.22
1766001600000,2025-12-17 22:00:00,26.3,26.37,25.73,25.89,11464.51
1766016000000,2025-12-18 02:00:00,25.89,25.96,25.3,25.32,10202.6
1766030400000,2025-12-18 06:00:00,25.32,25.55,25.05,25.47,10171.11
1766044800000,2025-12-18 10:00:00,25.47,25.66,25.38,25.45,6683.67
1766059200000,2025-12-18 14:00:00,25.45,26.1,25.44,25.81,14303.61
1766073600000,2025-12-18 18:00:00,25.81,25.84,24.87,24.99,19162.78
1766088000000,2025-12-18 22:00:00,24.99,25.16,24.49,24.54,13634.22
1766102400000,2025-12-19 02:00:00,24.54,25.14,24.09,24.96,19233.07
1766116800000,2025-12-19 06:00:00,24.96,25.11,24.53,24.69,8184.9
1766131200000,2025-12-19 10:00:00,24.69,24.83,24.61,24.8,6419.42
1766145600000,2025-12-19 14:00:00,24.8,25.07,24.58,24.8,15069.47
1766160000000,2025-12-19 18:00:00,24.8,25.31,24.73,25.18,20821.23
1766174400000,2025-12-19 22:00:00,25.18,25.36,25.01,25.17,8573.54
1766188800000,2025-12-20 02:00:00,25.17,25.17,24.55,24.73,10528.12
1766203200000,2025-12-20 06:00:00,24.73,24.92,24.56,24.9,8918.57
1766217600000,2025-12-20 10:00:00,24.9,24.94,24.45,24.68,9685.0
1766232000000,2025-12-20 14:00:00,24.68,24.71,24.48,24.6,5996.33
1766246400000,2025-12-20 18:00:00,24.6,24.64,24.2,24.4,13290.95
1766260800000,2025-12-20 22:00:00,24.4,24.72,24.39,24.5,9307.65
1766275200000,2025-12-21 02:00:00,24.5,24.52,23.99,24.11,16611.56
1766289600000,2025-12-21 06:00:00,24.11,24.21,24.07,24.16,6865.85
1766304000000,2025-12-21 10:00:00,24.16,24.24,23.95,24.01,11699.8
1766318400000,2025-12-21 14:00:00,24.01,24.08,23.34,23.74,29416.42
1766332800000,2025-12-21 18:00:00,23.74,23.93,23.46,23.89,9366.75
1766347200000,2025-12-21 22:00:00,23.89,24.03,23.73,23.93,8292.13
1766361600000,2025-12-22 02:00:00,23.93,24.35,23.68,23.79,11980.05
1766376000000,2025-12-22 06:00:00,23.79,23.88,23.71,23.83,5569.94
1766390400000,2025-12-22 10:00:00,23.83,24.17,23.8,24.11,6709.2
1766404800000,2025-12-22 14:00:00,24.11,24.21,23.93,24.14,6944.27
1766419200000,2025-12-22 18:00:00,24.14,24.46,24.07,24.1,12330.28
1766433600000,2025-12-22 22:00:00,24.1,24.38,23.78,24.37,9026.96
1766448000000,2025-12-23 02:00:00,24.37,24.56,24.07,24.13,5701.9
1766462400000,2025-12-23 06:00:00,24.13,24.64,23.96,24.54,15830.73
1766476800000,2025-12-23 10:00:00,24.54,24.62,24.1,24.16,20079.49
1766491200000,2025-12-23 14:00:00,24.16,24.7,24.07,24.63,25136.26
1766505600000,2025-12-23 18:00:00,24.63,25.16,24.63,25.04,16480.86
1766520000000,2025-12-23 22:00:00,25.04,25.27,24.82,24.89,11322.18
1766534400000,2025-12-24 02:00:00,24.89,24.91,24.25,24.45,15354.82
1766548800000,2025-12-24 06:00:00,24.45,24.58,24.15,24.42,9083.14
1766563200000,2025-12-24 10:00:00,24.42,24.61,24.25,24.46,18453.61
1766577600000,2025-12-24 14:00:00,24.46,24.9,24.45,24.85,9078.06
1766592000000,2025-12-24 18:00:00,24.85,25.34,24.78,25.29,11674.82
1766606400000,2025-12-24 22:00:00,25.29,25.57,25.18,25.46,10875.11
1766620800000,2025-12-25 02:00:00,25.46,26.08,25.3,25.68,21907.2
1766635200000,2025-12-25 06:00:00,25.68,26.23,25.63,26.05,15796.64
1766649600000,2025-12-25 10:00:00,26.05,26.37,25.88,25.97,11420.91
1766664000000,2025-12-25 14:00:00,25.97,26.02,25.61,25.8,9827.85
1766678400000,2025-12-25 18:00:00,25.8,26.15,25.64,26.09,9632.97
1766692800000,2025-12-25 22:00:00,26.09,26.27,25.53,25.64,9510.12
1766707200000,2025-12-26 02:00:00,25.64,26.48,25.46,26.46,14604.04
1766721600000,2025-12-26 06:00:00,26.46,26.57,26.29,26.37,10109.06
1766736000000,2025-12-26 10:00:00,26.37,26.46,26.02,26.1,5727.73
1766750400000,2025-12-26 14:00:00,26.1,26.35,25.98,26.09,13247.59
1766764800000,2025-12-26 18:00:00,26.09,26.26,25.82,26.2,5843.58
1766779200000,2025-12-26 22:00:00,26.2,26.31,26.12,26.21,2057.54
1766793600000,2025-12-27 02:00:00,26.21,26.67,26.12,26.67,6003.47
1766808000000,2025-12-27 06:00:00,26.67,26.81,26.43,26.55,6835.34
1766822400000,2025-12-27 10:00:00,26.55,26.83,26.4,26.73,6848.72
1766836800000,2025-12-27 14:00:00,26.73,26.81,26.62,26.72,5598.08
1766851200000,2025-12-27 18:00:00,26.72,26.89,26.48,26.51,4224.1
1766865600000,2025-12-27 22:00:00,26.51,27.15,26.47,27.13,4495.89
1766880000000,2025-12-28 02:00:00,27.13,27.15,26.82,26.89,3689.77
1766894400000,2025-12-28 06:00:00,26.89,27.02,26.83,26.85,2351.34
1766908800000,2025-12-28 10:00:00,26.85,26.92,26.62,26.67,2901.76
1766923200000,2025-12-28 14:00:00,26.67,26.67,26.32,26.35,6442.48
1766937600000,2025-12-28 18:00:00,26.35,26.39,25.83,25.86,10191.13
1766952000000,2025-12-28 22:00:00,25.86,25.95,25.61,25.87,7643.01
1766966400000,2025-12-29 02:00:00,25.87,26.11,25.73,26.08,12291.87
1766980800000,2025-12-29 06:00:00,26.08,26.22,25.7,25.91,7027.39
1766995200000,2025-12-29 10:00:00,25.91,26.28,25.65,25.97,11318.4
1767009600000,2025-12-29 14:00:00,25.97,26.03,25.63,25.95,10880.39
1767024000000,2025-12-29 18:00:00,25.95,26.09,25.79,25.9,5077.85
1767038400000,2025-12-29 22:00:00,25.9,25.95,25.51,25.56,5958.72
1767052800000,2025-12-30 02:00:00,25.56,25.59,25.05,25.14,10834.88
1767067200000,2025-12-30 06:00:00,25.14,25.81,25.11,25.44,28629.68
1767081600000,2025-12-30 10:00:00,25.44,25.69,25.42,25.63,5187.62
1767096000000,2025-12-30 14:00:00,25.63,25.69,25.43,25.46,5826.57
1767110400000,2025-12-30 18:00:00,25.46,25.65,25.31,25.46,5058.31
1767124800000,2025-12-30 22:00:00,25.46,25.46,25.25,25.37,4597.58
1767139200000,2025-12-31 02:00:00,25.37,25.87,25.21,25.87,10368.51
1767153600000,2025-12-31 06:00:00,25.87,26.2,25.69,26.18,22564.04
1767168000000,2025-12-31 10:00:00,26.18,26.53,25.58,25.59,63937.86
1767182400000,2025-12-31 14:00:00,25.59,25.62,25.38,25.5,12089.68
1767196800000,2025-12-31 18:00:00,25.5,25.67,24.87,24.88,29791.76
1767211200000,2025-12-31 22:00:00,24.88,25.09,24.73,24.79,13345.17
1767225600000,2026-01-01 02:00:00,24.79,25.25,24.43,24.74,46874.81
1767240000000,2026-01-01 06:00:00,24.74,24.78,24.54,24.58,9385.28
1767254400000,2026-01-01 10:00:00,24.58,24.8,24.57,24.8,3733.98
1767268800000,2026-01-01 14:00:00,24.8,25.37,24.7,25.29,8124.57
1767283200000,2026-01-01 18:00:00,25.29,25.37,25.08,25.2,8024.13
1767297600000,2026-01-01 22:00:00,25.2,25.4,25.17,25.37,8291.9
1767312000000,2026-01-02 02:00:00,25.37,25.78,25.12,25.67,13714.89
1767326400000,2026-01-02 06:00:00,25.67,25.87,25.22,25.23,8472.72
1767340800000,2026-01-02 10:00:00,25.23,25.63,25.04,25.37,9378.31
1767355200000,2026-01-02 14:00:00,25.37,25.78,25.3,25.48,11296.46
1767369600000,2026-01-02 18:00:00,25.48,26.03,25.46,25.97,8950.07
1767384000000,2026-01-02 22:00:00,25.97,26.15,25.75,26.09,16058.83
1767398400000,2026-01-03 02:00:00,26.09,26.18,25.88,26.04,10946.43
1767412800000,2026-01-03 06:00:00,26.04,26.16,25.48,25.58,10198.56
1767427200000,2026-01-03 10:00:00,25.58,25.96,25.51,25.83,5063.94
1767441600000,2026-01-03 14:00:00,25.83,26.1,25.82,25.86,8253.4
1767456000000,2026-01-03 18:00:00,25.86,26.35,25.82,26.12,8585.81
1767470400000,2026-01-03 22:00:00,26.12,26.47,26.03,26.37,6758.76
1767484800000,2026-01-04 02:00:00,26.37,26.59,26.34,26.48,6888.03
1767499200000,2026-01-04 06:00:00,26.48,26.61,26.06,26.3,5717.09
1767513600000,2026-01-04 10:00:00,26.3,26.5,26.14,26.41,5719.18
1767528000000,2026-01-04 14:00:00,26.41,26.71,26.37,26.64,10891.81
1767542400000,2026-01-04 18:00:00,26.64,26.75,26.36,26.49,9249.36
1767556800000,2026-01-04 22:00:00,26.49,26.65,26.37,26.65,8426.24
1767571200000,2026-01-05 02:00:00,26.65,27.03,26.58,26.78,9661.7
1767585600000,2026-01-05 06:00:00,26.78,26.8,26.24,26.46,6746.0
1767600000000,2026-01-05 10:00:00,26.46,26.57,26.18,26.3,10130.45
1767614400000,2026-01-05 14:00:00,26.3,26.71,26.12,26.71,8289.93
1767628800000,2026-01-05 18:00:00,26.71,27.13,26.5,26.96,10593.84
1767643200000,2026-01-05 22:00:00,26.96,27.25,26.94,26.98,9852.37
1767657600000,2026-01-06 02:00:00,26.98,27.02,26.57,26.88,9427.17
1767672000000,2026-01-06 06:00:00,26.88,27.27,26.68,26.7,23155.86
1767686400000,2026-01-06 10:00:00,26.7,27.22,26.7,27.15,12138.43
1767700800000,2026-01-06 14:00:00,27.15,27.54,27.1,27.16,16146.37
1767715200000,2026-01-06 18:00:00,27.16,27.19,26.39,26.79,17517.53
1767729600000,2026-01-06 22:00:00,26.79,27.74,26.79,27.6,9352.52
1767744000000,2026-01-07 02:00:00,27.6,27.76,26.97,27.07,12820.36
1767758400000,2026-01-07 06:00:00,27.07,27.45,26.94,27.43,11082.01
1767772800000,2026-01-07 10:00:00,27.43,27.55,26.77,27.03,12102.67
1767787200000,2026-01-07 14:00:00,27.03,27.03,26.48,26.67,11256.1
1767801600000,2026-01-07 18:00:00,26.67,26.95,26.64,26.88,6388.51
1767816000000,2026-01-07 22:00:00,26.88,26.88,26.52,26.8,9467.94
1767830400000,2026-01-08 02:00:00,26.8,26.97,26.71,26.76,5422.97
1767844800000,2026-01-08 06:00:00,26.76,27.03,26.2,26.7,12456.73
1767859200000,2026-01-08 10:00:00,26.7,26.8,26.28,26.66,6505.89
1767873600000,2026-01-08 14:00:00,26.66,26.91,26.17,26.91,11606.57
1767888000000,2026-01-08 18:00:00,26.91,26.93,26.6,26.64,6501.47
1767902400000,2026-01-08 22:00:00,26.64,26.82,26.46,26.69,2668.15
1767916800000,2026-01-09 02:00:00,26.69,26.95,26.59,26.77,4621.99
1767931200000,2026-01-09 06:00:00,26.77,26.9,26.72,26.79,1330.75
1767945600000,2026-01-09 10:00:00,26.79,27.56,26.67,27.46,18589.13
1767960000000,2026-01-09 14:00:00,27.46,27.61,26.79,27.07,19958.3
1767974400000,2026-01-09 18:00:00,27.07,27.33,26.51,26.6,7899.37
1767988800000,2026-01-09 22:00:00,26.6,26.93,26.55,26.92,3387.08
1768003200000,2026-01-10 02:00:00,26.92,27.62,26.5,26.57,38571.66
1768017600000,2026-01-10 06:00:00,26.57,26.78,26.48,26.77,2238.3
1768032000000,2026-01-10 10:00:00,26.77,26.85,26.69,26.79,2498.37
1768046400000,2026-01-10 14:00:00,26.79,26.85,26.6,26.61,1649.98
1768060800000,2026-01-10 18:00:00,26.61,26.64,26.39,26.6,5815.34
1768075200000,2026-01-10 22:00:00,26.6,26.65,26.31,26.37,7898.11
1768089600000,2026-01-11 02:00:00,26.37,26.44,26.2,26.42,4946.93
1768104000000,2026-01-11 06:00:00,26.42,26.61,26.42,26.58,2035.55
1768118400000,2026-01-11 10:00:00,26.58,26.77,26.56,26.64,3587.54
1768132800000,2026-01-11 14:00:00,26.64,26.73,26.38,26.4,1874.03
1768147200000,2026-01-11 18:00:00,26.4,26.67,26.4,26.43,3592.75
1768161600000,2026-01-11 22:00:00,26.43,26.43,25.87,26.2,10724.39
1768176000000,2026-01-12 02:00:00,26.2,26.63,25.82,26.38,7040.63
1768190400000,2026-01-12 06:00:00,26.38,26.58,26.04,26.07,2754.02
1768204800000,2026-01-12 10:00:00,26.07,26.18,25.69,25.85,6189.62
1768219200000,2026-01-12 14:00:00,25.85,26.07,25.63,26.05,4585.54
1768233600000,2026-01-12 18:00:00,26.05,26.33,26.01,26.18,5604.75
1768248000000,2026-01-12 22:00:00,26.18,26.28,25.76,26.0,1947.35
1768262400000,2026-01-13 02:00:00,26.0,26.12,25.92,26.08,2847.63
1768276800000,2026-01-13 06:00:00,26.08,26.54,26.0,26.01,16806.08
1768291200000,2026-01-13 10:00:00,26.01,26.54,25.92,26.08,15011.34
1768305600000,2026-01-13 14:00:00,26.08,26.68,26.03,26.66,8212.81
1768320000000,2026-01-13 18:00:00,26.66,26.94,26.45,26.66,13779.86
1768334400000,2026-01-13 22:00:00,26.66,27.23,26.44,27.01,12230.21
1768348800000,2026-01-14 02:00:00,27.01,27.23,26.95,27.07,4943.36
1768363200000,2026-01-14 06:00:00,27.07,27.08,26.77,26.86,4380.09
1768377600000,2026-01-14 10:00:00,26.86,27.31,26.85,27.05,4728.85
1768392000000,2026-01-14 14:00:00,27.05,27.48,26.93,27.36,10707.02
1768406400000,2026-01-14 18:00:00,27.36,27.92,27.13,27.38,19070.29
1768420800000,2026-01-14 22:00:00,27.38,27.5,27.1,27.38,6187.5
1768435200000,2026-01-15 02:00:00,27.38,27.58,26.74,26.79,12018.89
1768449600000,2026-01-15 06:00:00,26.79,27.19,26.76,27.15,5782.94
1768464000000,2026-01-15 10:00:00,27.15,27.27,26.85,26.93,26392.51
1768478400000,2026-01-15 14:00:00,26.93,27.12,26.2,26.53,13443.96
1768492800000,2026-01-15 18:00:00,26.53,26.83,26.27,26.44,9940.49
1768507200000,2026-01-15 22:00:00,26.44,26.71,26.26,26.71,3239.13
1768521600000,2026-01-16 02:00:00,26.71,26.74,26.35,26.53,2620.69
1768536000000,2026-01-16 06:00:00,26.53,26.75,26.38,26.54,6386.29
1768550400000,2026-01-16 10:00:00,26.54,26.7,26.45,26.51,8332.96
1768564800000,2026-01-16 14:00:00,26.51,26.55,25.87,25.98,9502.05
1768579200000,2026-01-16 18:00:00,25.98,26.41,25.91,26.39,5439.49
1768593600000,2026-01-16 22:00:00,26.39,27.06,26.32,27.06,6965.71
1768608000000,2026-01-17 02:00:00,27.06,27.29,26.78,26.85,11936.26
1768622400000,2026-01-17 06:00:00,26.85,27.0,26.7,26.89,3600.82
1768636800000,2026-01-17 10:00:00,26.89,27.14,26.89,26.94,5014.71
1768651200000,2026-01-17 14:00:00,26.94,27.39,26.92,27.26,3486.41
1768665600000,2026-01-17 18:00:00,27.26,27.3,26.93,26.99,3810.94
1768680000000,2026-01-17 22:00:00,26.99,27.12,26.72,26.9,5504.06
1768694400000,2026-01-18 02:00:00,26.9,27.36,26.51,26.66,15806.38
1768708800000,2026-01-18 06:00:00,26.66,26.77,26.48,26.64,3955.42
1768723200000,2026-01-18 10:00:00,26.64,26.76,26.59,26.69,1434.76
1768737600000,2026-01-18 14:00:00,26.69,26.72,26.3,26.51,4373.77
1768752000000,2026-01-18 18:00:00,26.51,26.74,26.43,26.56,3288.14
1768766400000,2026-01-18 22:00:00,26.56,26.75,25.77,25.82,7106.18
1768780800000,2026-01-19 02:00:00,25.82,25.82,23.48,24.91,68291.02
1768795200000,2026-01-19 06:00:00,24.91,25.07,24.63,25.01,4980.95
1768809600000,2026-01-19 10:00:00,25.01,25.32,24.98,25.16,4124.9
1768824000000,2026-01-19 14:00:00,25.16,25.28,25.05,25.21,2308.98
1768838400000,2026-01-19 18:00:00,25.21,25.63,25.17,25.57,4306.15
1768852800000,2026-01-19 22:00:00,25.57,25.71,25.4,25.61,3527.03
1768867200000,2026-01-20 02:00:00,25.61,25.67,25.22,25.31,2452.47
1768881600000,2026-01-20 06:00:00,25.31,25.48,24.9,24.93,4736.69
1768896000000,2026-01-20 10:00:00,24.93,24.95,24.65,24.7,11386.74
1768910400000,2026-01-20 14:00:00,24.7,24.88,24.38,24.54,8217.06
1768924800000,2026-01-20 18:00:00,24.54,24.62,24.17,24.36,4118.93
1768939200000,2026-01-20 22:00:00,24.36,24.47,23.91,24.16,4159.98
1768953600000,2026-01-21 02:00:00,24.16,24.96,24.15,24.82,4645.41
1768968000000,2026-01-21 06:00:00,24.82,24.93,24.74,24.79,3214.6
1768982400000,2026-01-21 10:00:00,24.79,24.82,24.42,24.45,3777.67
1768996800000,2026-01-21 14:00:00,24.45,24.74,24.21,24.59,9657.06
1769011200000,2026-01-21 18:00:00,24.59,24.59,23.74,24.58,16591.76
1769025600000,2026-01-21 22:00:00,24.58,24.6,24.21,24.25,2958.63
1769040000000,2026-01-22 02:00:00,24.25,24.63,24.22,24.41,1977.28
1769054400000,2026-01-22 06:00:00,24.41,24.44,24.16,24.25,3073.97
1769068800000,2026-01-22 10:00:00,24.25,24.31,24.07,24.07,2248.15
1769083200000,2026-01-22 14:00:00,24.07,24.07,23.68,23.96,5245.01
1769097600000,2026-01-22 18:00:00,23.96,24.24,23.95,24.23,2964.48
1769112000000,2026-01-22 22:00:00,24.23,24.3,24.08,24.25,1690.95
1769126400000,2026-01-23 02:00:00,24.25,24.6,24.23,24.55,4450.25
1769140800000,2026-01-23 06:00:00,24.55,24.86,24.4,24.43,12287.53
1769155200000,2026-01-23 10:00:00,24.43,24.47,23.91,23.92,6721.72
1769169600000,2026-01-23 14:00:00,23.92,24.15,23.72,24.04,7089.64
1769184000000,2026-01-23 18:00:00,24.04,24.51,23.7,23.9,14262.75
1769198400000,2026-01-23 22:00:00,23.9,24.2,23.75,24.2,5745.38
1769212800000,2026-01-24 02:00:00,24.2,24.32,24.09,24.19,4424.79
1769227200000,2026-01-24 06:00:00,24.19,24.22,23.96,23.98,1866.59
1769241600000,2026-01-24 10:00:00,23.98,24.09,23.91,24.04,1987.17
1769256000000,2026-01-24 14:00:00,24.04,24.09,23.88,23.92,1906.08
1769270400000,2026-01-24 18:00:00,23.92,23.99,23.85,23.87,4470.43
1769284800000,2026-01-24 22:00:00,23.87,23.94,23.77,23.83,3774.05
1769299200000,2026-01-25 02:00:00,23.83,24.42,23.82,24.21,14658.42
1769313600000,2026-01-25 06:00:00,24.21,24.34,23.93,23.95,3475.53
1769328000000,2026-01-25 10:00:00,23.95,24.09,23.76,23.96,4555.26
1769342400000,2026-01-25 14:00:00,23.96,24.81,23.87,24.07,45672.65
1769356800000,2026-01-25 18:00:00,24.07,24.07,22.96,23.08,34738.11
1769371200000,2026-01-25 22:00:00,23.08,23.68,22.9,23.55,17028.84
1769385600000,2026-01-26 02:00:00,23.55,23.86,23.16,23.56,14755.84
1769400000000,2026-01-26 06:00:00,23.56,24.04,23.51,23.9,4939.23
1769414400000,2026-01-26 10:00:00,23.9,24.04,23.47,23.47,6563.8
1769428800000,2026-01-26 14:00:00,23.47,24.0,23.27,23.72,12836.71
1769443200000,2026-01-26 18:00:00,23.72,23.92,23.64,23.75,6486.57
1769457600000,2026-01-26 22:00:00,23.75,23.98,23.68,23.88,4092.34
1769472000000,2026-01-27 02:00:00,23.88,23.96,23.78,23.86,3561.26
1769486400000,2026-01-27 06:00:00,23.86,23.95,23.76,23.793,5610.1
1769500800000,2026-01-27 10:00:00,23.793,23.9,23.609,23.683,4260.95
1769515200000,2026-01-27 14:00:00,23.683,23.754,23.321,23.584,5589.34
1769529600000,2026-01-27 18:00:00,23.584,23.883,23.412,23.747,5034.95
1769544000000,2026-01-27 22:00:00,23.747,24.024,23.743,23.848,3548.56
1769558400000,2026-01-28 02:00:00,23.848,23.904,23.712,23.742,1984.35
1769572800000,2026-01-28 06:00:00,23.742,23.753,23.519,23.635,3000.86
1769587200000,2026-01-28 10:00:00,23.635,24.196,23.573,24.133,10678.66
1769601600000,2026-01-28 14:00:00,24.133,24.133,23.693,23.776,6981.94
1769616000000,2026-01-28 18:00:00,23.776,23.961,23.681,23.85,3864.25
1769630400000,2026-01-28 22:00:00,23.85,24.15,23.665,24.04,4543.34
1769644800000,2026-01-29 02:00:00,24.04,24.1,23.606,23.88,17901.55
1769659200000,2026-01-29 06:00:00,23.88,24.011,23.725,23.889,10659.61
1769673600000,2026-01-29 10:00:00,23.889,23.919,23.511,23.567,11359.03
1769688000000,2026-01-29 14:00:00,23.567,23.616,21.758,22.247,52739.43
1769702400000,2026-01-29 18:00:00,22.247,22.54,22.001,22.364,12392.88
1769716800000,2026-01-29 22:00:00,22.364,22.825,22.331,22.7,4073.6
1769731200000,2026-01-30 02:00:00,22.7,22.772,21.796,22.205,13187.46
1769745600000,2026-01-30 06:00:00,22.205,22.412,21.862,22.094,6542.18
1769760000000,2026-01-30 10:00:00,22.094,22.331,21.873,22.285,4147.79
1769774400000,2026-01-30 14:00:00,22.285,22.343,21.92,22.089,8104.97
1769788800000,2026-01-30 18:00:00,22.089,22.51,21.668,22.33,9559.11
1769803200000,2026-01-30 22:00:00,22.33,22.33,21.831,21.99,5734.05
1769817600000,2026-01-31 02:00:00,21.99,22.07,21.643,21.68,6046.67
1769832000000,2026-01-31 06:00:00,21.68,21.873,21.463,21.645,6589.06
1769846400000,2026-01-31 10:00:00,21.645,21.651,21.261,21.419,10039.96
1769860800000,2026-01-31 14:00:00,21.419,21.437,20.209,20.39,26610.15
1769875200000,2026-01-31 18:00:00,20.39,20.562,17.929,19.027,75848.33
1769889600000,2026-01-31 22:00:00,19.027,19.832,18.837,19.754,12152.29
1769904000000,2026-02-01 02:00:00,19.754,20.109,19.712,20.017,9609.2
1769918400000,2026-02-01 06:00:00,20.017,20.084,19.795,19.959,6289.82
1769932800000,2026-02-01 10:00:00,19.959,20.158,19.708,20.011,5912.01
1769947200000,2026-02-01 14:00:00,20.011,20.027,19.134,19.359,14743.42
1769961600000,2026-02-01 18:00:00,19.359,19.662,19.159,19.335,15231.84
1769976000000,2026-02-01 22:00:00,19.335,19.442,18.69,19.063,18261.25
1769990400000,2026-02-02 02:00:00,19.063,19.735,18.727,19.409,26538.86
1770004800000,2026-02-02 06:00:00,19.409,19.746,18.913,19.615,23315.53
1770019200000,2026-02-02 10:00:00,19.615,19.82,19.432,19.608,16870.91
1770033600000,2026-02-02 14:00:00,19.608,20.324,19.604,20.261,13920.3
1770048000000,2026-02-02 18:00:00,20.261,20.314,19.829,19.87,6959.72
1770062400000,2026-02-02 22:00:00,19.87,19.919,19.661,19.675,11268.72
1770076800000,2026-02-03 02:00:00,19.675,20.314,19.476,20.298,26487.06
1770091200000,2026-02-03 06:00:00,20.298,20.491,19.86,20.129,31121.0
1770105600000,2026-02-03 10:00:00,20.129,20.136,19.72,20.016,12209.27
1770120000000,2026-02-03 14:00:00,20.016,20.349,19.74,20.201,23594.14
1770134400000,2026-02-03 18:00:00,20.201,20.213,18.905,19.831,30064.96
1770148800000,2026-02-03 22:00:00,19.831,20.474,19.614,19.842,24002.91
1770163200000,2026-02-04 02:00:00,19.842,20.283,19.601,20.21,9035.24
1770177600000,2026-02-04 06:00:00,20.21,20.21,19.932,20.113,3210.26
1770192000000,2026-02-04 10:00:00,20.113,20.189,19.78,20.008,8826.96
1770206400000,2026-02-04 14:00:00,20.008,20.069,19.242,19.395,19827.81
1770220800000,2026-02-04 18:00:00,19.395,19.785,19.003,19.763,21374.86
1770235200000,2026-02-04 22:00:00,19.763,19.799,19.1,19.49,10553.63
1770249600000,2026-02-05 02:00:00,19.49,19.639,19.191,19.216,8756.85
1770264000000,2026-02-05 06:00:00,19.216,19.346,18.868,18.92,10053.87
1770278400000,2026-02-05 10:00:00,18.92,19.19,18.356,18.566,11703.73
1770292800000,2026-02-05 14:00:00,18.566,18.795,17.153,17.56,39701.6
1770307200000,2026-02-05 18:00:00,17.56,17.869,17.069,17.105,31362.52
1770321600000,2026-02-05 22:00:00,17.105,17.243,16.164,16.343,47900.15
1770336000000,2026-02-06 02:00:00,16.343,16.772,14.687,15.984,112739.59
1770350400000,2026-02-06 06:00:00,15.984,16.503,15.779,15.865,22504.91
1770364800000,2026-02-06 10:00:00,15.865,16.527,15.7,16.472,31602.82
1770379200000,2026-02-06 14:00:00,16.472,17.14,16.389,17.135,13264.63
1770393600000,2026-02-06 18:00:00,17.135,17.868,17.058,17.397,17289.63
1770408000000,2026-02-06 22:00:00,17.397,17.784,17.177,17.61,8114.85
1770422400000,2026-02-07 02:00:00,17.61,17.671,17.18,17.622,7635.12
1770436800000,2026-02-07 06:00:00,17.622,17.91,16.937,17.091,10790.49
1770451200000,2026-02-07 10:00:00,17.091,17.189,16.861,16.966,4583.14
1770465600000,2026-02-07 14:00:00,16.966,17.518,16.966,17.29,4696.1
1770480000000,2026-02-07 18:00:00,17.29,17.708,17.252,17.527,22315.77
1770494400000,2026-02-07 22:00:00,17.527,17.631,17.432,17.558,3399.8
1770508800000,2026-02-08 02:00:00,17.558,17.579,17.26,17.261,3561.25
1770523200000,2026-02-08 06:00:00,17.261,17.398,17.178,17.262,3206.45
1770537600000,2026-02-08 10:00:00,17.262,17.459,17.122,17.413,5989.5
1770552000000,2026-02-08 14:00:00,17.413,17.432,17.127,17.164,6039.24
1770566400000,2026-02-08 18:00:00,17.164,17.237,16.84,17.196,9198.88
1770580800000,2026-02-08 22:00:00,17.196,17.26,16.79,16.921,7834.1
1770595200000,2026-02-09 02:00:00,16.921,17.202,16.834,17.173,7332.12
1770609600000,2026-02-09 06:00:00,17.173,17.173,16.84,16.845,3274.97
1770624000000,2026-02-09 10:00:00,16.845,16.883,16.254,16.41,10523.83
1770638400000,2026-02-09 14:00:00,16.41,16.762,16.382,16.689,6615.07
1770652800000,2026-02-09 18:00:00,16.689,17.031,16.605,17.005,8833.54
1770667200000,2026-02-09 22:00:00,17.005,17.038,16.716,16.87,10774.92
1770681600000,2026-02-10 02:00:00,16.87,17.006,16.523,16.631,5473.4
1770696000000,2026-02-10 06:00:00,16.631,16.816,16.366,16.459,8495.8
1770710400000,2026-02-10 10:00:00,16.459,16.565,16.282,16.339,14414.24
1770724800000,2026-02-10 14:00:00,16.339,16.584,16.32,16.482,10545.59
1770739200000,2026-02-10 18:00:00,16.482,16.53,16.195,16.352,5493.91
1770753600000,2026-02-10 22:00:00,16.352,16.408,16.256,16.298,2992.28
1770768000000,2026-02-11 02:00:00,16.298,16.454,16.2,16.381,9856.82
1770782400000,2026-02-11 06:00:00,16.381,16.382,15.76,15.828,11675.43
1770796800000,2026-02-11 10:00:00,15.828,15.913,15.744,15.872,4049.05
1770811200000,2026-02-11 14:00:00,15.872,16.558,15.583,15.794,35400.26
1770825600000,2026-02-11 18:00:00,15.794,16.073,15.7,15.944,12160.23
1770840000000,2026-02-11 22:00:00,15.944,16.164,15.8,15.855,9460.85
1770854400000,2026-02-12 02:00:00,15.855,16.065,15.758,15.773,5917.33
1770868800000,2026-02-12 06:00:00,15.773,15.993,15.727,15.993,4899.89
1770883200000,2026-02-12 10:00:00,15.993,16.209,15.853,16.112,9803.83
1770897600000,2026-02-12 14:00:00,16.112,16.117,15.603,15.613,16050.38
1770912000000,2026-02-12 18:00:00,15.613,15.75,15.163,15.526,22321.09
1770926400000,2026-02-12 22:00:00,15.526,16.259,15.4,16.256,17806.59
1770940800000,2026-02-13 02:00:00,16.256,16.368,15.849,16.241,15453.78
1770955200000,2026-02-13 06:00:00,16.241,16.734,16.13,16.533,32054.07
1770969600000,2026-02-13 10:00:00,16.533,17.036,16.497,17.0,53787.41
1770984000000,2026-02-13 14:00:00,17.0,19.543,16.865,18.816,522141.2
1770998400000,2026-02-13 18:00:00,18.816,19.479,18.354,19.076,178720.52
1771012800000,2026-02-13 22:00:00,19.076,22.644,19.054,20.759,1020874.17
1771027200000,2026-02-14 02:00:00,20.759,21.942,19.97,20.482,499853.94
1771041600000,2026-02-14 06:00:00,20.482,20.534,19.664,19.743,151799.4
1771056000000,2026-02-14 10:00:00,19.743,20.575,19.654,19.826,186184.74
1771070400000,2026-02-14 14:00:00,19.826,20.231,19.618,20.213,102580.7
1771084800000,2026-02-14 18:00:00,20.213,20.805,20.122,20.296,119079.9
1771099200000,2026-02-14 22:00:00,20.296,20.336,20.182,20.277,7927.84
