timestamp,type,symbol,quantity,entry_price,exit_price,position_value,margin_used,pnl,position_duration,balance_before,balance_after
2026-01-12T12:20:41.029615,OPEN_SHORT,ARKMUSDT,249.0,,0.2008,49.9992,,-0.999984,,1000.0,999.000016
2026-01-12T12:20:45.674209,OPEN_SHORT,BROCCOLIUSDT,1817.0,,0.027488,49.945696,,-1.99782784,,999.000016,997.00218816
2026-01-12T12:20:48.871352,OPEN_SHORT,CHRUSDT,1184.7,,0.04208,49.852176,,-2.4926088,,997.00218816,994.50957936
2026-01-12T12:21:02.114406,OPEN_SHORT,SKYAIUSDT,1390.0,,0.03573,49.664699999999996,,-9.932939999999999,,994.50957936,984.57663936
2026-01-12T12:21:05.767160,OPEN_SHORT,STEEMUSDT,698.0,,0.07054,49.236920000000005,,-3.9389536000000005,,984.57663936,980.63768576
2026-01-12T14:38:46.744296,OPEN_SHORT,KNCUSDT,213.9,,0.2338,50.009820000000005,,-2.0003928,,1000.0,997.9996072
2026-01-12T14:38:52.834295,OPEN_LONG,OBTUSDT,21560.0,,0.002314,49.88984,,-9.977968,,997.9996072,988.0216392
2026-01-12T14:39:01.976350,OPEN_LONG,SYSUSDT,2603.0,,0.018982,49.410146,,-2.4705073,,988.0216392,985.5511319
2026-01-12T14:53:36.024782,OPEN_SHORT,ADAUSDT,128.0,,0.3864,49.4592,,-0.659456,,985.5511319,984.8916759
2026-01-12T14:55:18.915797,OPEN_SHORT,CRVUSDT,123.9,,0.3974,49.25025,,-0.985005,,984.8916759,983.9066709
2026-01-12T14:55:33.097996,OPEN_SHORT,NEARUSDT,29.4,,1.675,49.24794,,-0.9849588,,983.9066709,982.9217121
2026-01-12T14:55:43.884822,OPEN_SHORT,SNXUSDT,106.4,,0.4619,49.14616,,-1.9658464,,982.9217121,980.9558657
2026-01-12T14:55:49.100120,OPEN_SHORT,SUSHIUSDT,154.2,,0.3181,49.051019999999994,,-1.9620407999999998,,980.9558657,978.9938249
2026-01-12T15:09:39.804807,CLOSE_SHORT,SNXUSDT,106.4,,0.4581,48.74184,1.9658464,0.40431999999999846,13.913764899999999,978.9938249,920.3428155599862
2026-01-12T15:23:38.626504,OPEN_SHORT,XRPUSDT,22.5,,2.0494,46.1115,,-0.61482,,920.3428155599862,919.7279955599862
2026-01-12T15:40:15.373485,OPEN_SHORT,BNBUSDT,0.05,,900.3,45.015,,-0.9003,,919.7279955599862,918.8276955599862
2026-01-12T15:46:24.563737,CLOSE_SHORT,ADAUSDT,128.0,,0.3819,48.896,0.659456,0.5632000000000019,52.79282503333333,918.8276955599862,904.6464902899892
2026-01-12T15:49:40.380651,CLOSE_SHORT,CRVUSDT,123.9,,0.3931,48.705090000000006,0.985005,0.5451599999999956,54.34669040000001,904.6464902899892,926.1545624600107
2026-01-12T16:06:38.750891,OPEN_SHORT,FILUSDT,32.0,,1.4469,46.3008,,-1.8520320000000001,,926.1545624600107,924.3025304600106
2026-01-12T16:09:37.976001,OPEN_SHORT,ADAUSDT,120.0,,0.3839,46.068000000000005,,-0.6142400000000001,,924.3025304600106,923.6882904600106
2026-01-12T16:09:59.818714,OPEN_SHORT,OPUSDT,148.7,,0.3106,46.17135,,-0.9234269999999999,,923.6882904600106,922.7648634600107
2026-01-12T16:12:49.131045,OPEN_SHORT,AAVEUSDT,0.28,,163.51,45.7828,,-0.6104373333333334,,922.7648634600107,922.1544261266773
2026-01-12T16:12:54.638607,OPEN_SHORT,ATOMUSDT,18.0,,2.562,46.116,,-0.61488,,922.1544261266773,921.5395461266774
2026-01-12T16:13:01.407932,OPEN_SHORT,CRVUSDT,117.0,,0.3937,46.0746,,-0.921492,,921.5395461266774,920.6180541266774
2026-01-12T16:17:23.942339,CLOSE_SHORT,BNBUSDT,0.05,,897.2,44.845,0.9003,0.1700000000000017,37.13305653333334,920.6180541266774,866.1322734566609
2026-01-12T16:22:07.845574,CLOSE_SHORT,CRVUSDT,117.0,,0.3918,45.840599999999995,0.921492,0.23400000000000176,9.099196333333333,866.1322734566609,872.2563364366622
2026-01-12T16:23:45.265754,CLOSE_SHORT,FILUSDT,32.0,,1.4406,46.0992,1.8520320000000001,0.2015999999999991,17.100254933333336,872.2563364366622,878.5469562866754
2026-01-12T16:23:55.917045,CLOSE_SHORT,NEARUSDT,29.4,,1.6555,48.65994,0.9849588,0.588000000000001,88.37023465,878.5469562866754,900.2382089066639
2026-01-12T16:25:15.751191,CLOSE_SHORT,ADAUSDT,120.0,,0.3823,45.852,0.6142400000000001,0.21600000000000819,15.621373283333332,900.2382089066639,897.1883320266759
2026-01-12T16:25:46.995948,CLOSE_SHORT,XRPUSDT,22.5,,2.0479,46.0755,0.61482,0.036000000000001364,62.13120468333333,897.1883320266759,910.7730820066615
2026-01-12T17:05:10.379209,CLOSE_SHORT,AAVEUSDT,0.28,,162.34,45.449600000000004,0.6104373333333334,0.33319999999999794,52.33819008333333,910.7730820066615,945.5204508866561
2026-01-12T17:06:46.028014,OPEN_LONG,ARBUSDT,234.6,,0.2015,47.2719,,-0.945438,,945.5204508866561,944.5750128866562
2026-01-12T17:06:52.788630,OPEN_LONG,COMPUSDT,1.82,,25.89,47.119800000000005,,-1.8847920000000002,,944.5750128866562,942.6902208866562
2026-01-12T17:06:56.155219,OPEN_LONG,CRVUSDT,119.7,,0.3938,47.12589,,-0.9425178,,942.6902208866562,941.7477030866562
2026-01-12T17:22:13.702232,CLOSE_LONG,COMPUSDT,1.82,,25.98,47.2836,1.8847920000000002,0.16379999999999484,15.340122066666668,941.7477030866562,929.362513096667
2026-01-12T18:19:20.258455,CLOSE_SHORT,ATOMUSDT,18.0,,2.568,46.224000000000004,0.61488,-0.10800000000000409,126.41842295,929.362513096667,964.8200478066706
2026-01-12T18:33:15.161745,OPEN_SHORT,ATOMUSDT,18.7,,2.574,48.133799999999994,,-0.6417839999999999,,964.8200478066706,964.1782638066705
2026-01-12T18:39:25.173299,CLOSE_SHORT,KNCUSDT,213.9,,0.2365,50.58735,2.0003928,-0.5775299999999959,240.6327221,964.1782638066705,984.6915673366656
2026-01-12T18:39:28.249910,CLOSE_LONG,OBTUSDT,21560.0,,0.002307,49.73892,9.977968,-0.15091999999999928,240.5760664,984.6915673366656,993.0162772166567
2026-01-12T18:39:31.160875,CLOSE_LONG,SYSUSDT,2603.0,,0.01928,50.18584,2.4705073,0.7756940000000014,240.47845375,993.0162772166567,1007.6173264566659
2026-01-12T18:39:39.102612,CLOSE_SHORT,ATOMUSDT,18.7,,2.559,47.853300000000004,0.6417839999999999,0.2804999999999893,6.390404333333334,1007.6173264566659,1016.8654406366603
2026-01-12T18:39:54.127753,OPEN_SHORT,KNCUSDT,215.0,,0.2365,50.8475,,-2.0339,,1016.8654406366603,1014.8315406366603
2026-01-12T18:40:01.677119,OPEN_LONG,OBTUSDT,21990.0,,0.002307,50.73093,,-10.146186,,1014.8315406366603,1004.6853546366603
2026-01-12T18:40:12.146553,OPEN_LONG,SYSUSDT,2605.0,,0.019282,50.22961,,-2.5114805000000002,,1004.6853546366603,1002.1738741366604
2026-01-12T18:47:31.806702,OPEN_LONG,AAVEUSDT,0.3,,165.4,49.623,,-0.66164,,1002.1738741366604,1001.5122341366604
2026-01-12T18:47:35.346716,OPEN_LONG,ALGOUSDT,380.1,,0.13181,50.07817500000001,,-1.0015635000000003,,1001.5122341366604,1000.5106706366604
2026-01-12T18:47:45.684469,OPEN_LONG,DOTUSDT,24.0,,2.0848,50.0664,,-1.001328,,1000.5106706366604,999.5093426366604
2026-01-12T18:47:51.023228,OPEN_LONG,FILUSDT,33.7,,1.4835,49.993950000000005,,-1.9997580000000001,,999.5093426366604,997.5095846366604
2026-01-12T18:47:55.116366,OPEN_LONG,GRTUSDT,1173.8,,0.04249,49.874762,,-1.9949904799999998,,997.5095846366604,995.5145941566605
2026-01-12T18:50:52.610471,OPEN_LONG,ADAUSDT,126.0,,0.3964,49.9338,,-0.6657839999999999,,995.5145941566605,994.8488101566604
2026-01-12T18:57:06.365672,CLOSE_SHORT,SUSHIUSDT,154.2,,0.3199,49.32858,1.9620407999999998,-0.27756000000000824,241.27641158333333,994.8488101566604,916.8896641966699
2026-01-12T19:07:59.517977,CLOSE_LONG,ALGOUSDT,380.1,,0.13201,50.177001,1.0015635000000003,0.09882599999998831,20.392188216666668,916.8896641966699,933.1988454466614
2026-01-12T19:12:58.732632,OPEN_LONG,NEARUSDT,27.3,,1.7107,46.702110000000005,,-0.9340422,,933.1988454466614,932.2648032466614
2026-01-12T19:14:41.900092,OPEN_LONG,SNXUSDT,98.4,,0.4738,46.60224,,-1.8640896,,932.2648032466614,930.4007136466613
2026-01-12T19:19:13.492740,OPEN_LONG,ICPUSDT,14.6,,3.177,46.3842,,-0.927684,,930.4007136466613,929.4730296466613
2026-01-12T19:19:32.149831,OPEN_LONG,VETUSDT,4025.0,,0.011547,46.476675,,-1.859067,,929.4730296466613,927.6139626466613
2026-01-12T19:48:37.113747,OPEN_SHORT,BNBUSDT,0.05,,903.1,45.160000000000004,,-0.9032000000000001,,927.6139626466613,926.7107626466614
2026-01-12T19:54:50.175479,OPEN_SHORT,ATOMUSDT,18.3,,2.532,46.3356,,-0.617808,,926.7107626466614,926.0929546466614
2026-01-12T20:10:19.299310,CLOSE_SHORT,OPUSDT,148.7,,0.3136,46.61745,0.9234269999999999,-0.4461000000000013,240.31609323333333,926.0929546466614,840.4260112066513
2026-01-12T20:13:31.326609,CLOSE_LONG,ADAUSDT,126.0,,0.3954,49.7952,0.6657839999999999,-0.13859999999999673,82.62997788333334,840.4260112066513,863.2381286466662
2026-01-12T20:19:58.793181,CLOSE_LONG,ICPUSDT,14.6,,3.164,46.17979999999999,0.927684,-0.2044000000000068,60.74643355,863.2381286466662,859.1846804466732
2026-01-12T20:24:29.323576,CLOSE_LONG,AAVEUSDT,0.3,,165.59,49.677,0.66164,0.054000000000002046,96.94986025,859.1846804466732,875.6513584666645
2026-01-12T20:24:34.856417,CLOSE_SHORT,ATOMUSDT,18.3,,2.526,46.2258,0.617808,0.1097999999999999,29.735390316666667,875.6513584666645,885.9393427466675
2026-01-12T20:29:31.560082,CLOSE_LONG,NEARUSDT,27.3,,1.7094,46.66389,0.9340422,-0.038220000000002585,76.53838518333333,885.9393427466675,894.3750080866557
2026-01-12T20:30:58.823912,CLOSE_LONG,DOTUSDT,24.0,,2.0846,50.037600000000005,1.001328,-0.028799999999996828,103.20198098333334,894.3750080866557,915.9436082666616
2026-01-12T20:55:51.504123,OPEN_SHORT,SUSHIUSDT,144.9,,0.316,45.7884,,-1.831536,,915.9436082666616,914.1120722666616
2026-01-12T21:07:43.633561,CLOSE_LONG,ARBUSDT,234.6,,0.2022,47.436119999999995,0.945438,0.16421999999999315,240.95053585,914.1120722666616,888.3734969466692
2026-01-12T21:07:46.622931,CLOSE_LONG,CRVUSDT,119.7,,0.3931,47.05407,0.9425178,-0.07181999999999533,240.8320258,888.3734969466692,898.7538880566659
2026-01-12T21:18:59.203082,OPEN_SHORT,XRPUSDT,21.7,,2.0667,44.85824,,-0.5981098666666667,,898.7538880566659,898.1557781899993
2026-01-12T21:27:57.934357,CLOSE_LONG,FILUSDT,33.7,,1.4598,49.195260000000005,1.9997580000000001,-0.7986900000000006,160.10473675,898.1557781899993,918.2229474100114
2026-01-12T21:38:53.786973,OPEN_LONG,ARBUSDT,226.8,,0.2024,45.90432,,-0.9180864,,918.2229474100114,917.3048610100115
2026-01-12T21:46:47.520706,OPEN_LONG,FILUSDT,31.4,,1.46,45.843999999999994,,-1.8337599999999998,,917.3048610100115,915.4711010100115
2026-01-12T21:53:10.076247,OPEN_SHORT,NEARUSDT,27.0,,1.6933,45.7191,,-0.9143819999999999,,915.4711010100115,914.5567190100114
2026-01-12T21:59:08.692872,OPEN_SHORT,ADAUSDT,116.0,,0.393,45.588,,-0.60784,,914.5567190100114,913.9488790100114
2026-01-12T22:15:12.648641,CLOSE_LONG,VETUSDT,4025.0,,0.011441,46.090275,1.859067,-0.38640000000000185,175.66552406666668,913.9488790100114,872.1085916999983
2026-01-12T22:16:31.060793,CLOSE_LONG,FILUSDT,31.4,,1.4792,46.45944,1.8337599999999998,0.6154400000000066,29.7145433,872.1085916999983,880.0885418299841
2026-01-12T22:18:01.808763,CLOSE_SHORT,BNBUSDT,0.05,,906.2,45.32,0.9032000000000001,-0.1599999999999966,149.40274575,880.0885418299841,892.6540882200026
2026-01-12T22:24:31.794722,OPEN_LONG,VETUSDT,3909.0,,0.011419,44.632962,,-1.78531848,,892.6540882200026,890.8687697400026
2026-01-12T22:27:21.696463,OPEN_LONG,FILUSDT,30.1,,1.4783,44.49683,,-1.7798732000000002,,890.8687697400026,889.0888965400026
2026-01-12T22:27:33.006582,OPEN_LONG,OPUSDT,141.6,,0.3139,44.44824,,-0.8889648,,889.0888965400026,888.1999317400025
2026-01-12T22:38:15.337391,CLOSE_SHORT,NEARUSDT,27.0,,1.685,45.5004,0.9143819999999999,0.21869999999999834,45.07238781666667,888.1999317400025,863.3021236500047
2026-01-12T22:41:05.008710,CLOSE_SHORT,KNCUSDT,215.0,,0.2345,50.4175,2.0339,0.4299999999999997,241.17270786666668,863.3021236500047,876.8077480400082
2026-01-12T22:41:07.980025,CLOSE_LONG,OBTUSDT,21990.0,,0.002269,49.89531,10.146186,-0.8356199999999987,241.0961853166667,876.8077480400082,901.4914390099859
2026-01-12T22:41:10.689053,CLOSE_LONG,SYSUSDT,2605.0,,0.01915,49.88575,2.5114805000000002,-0.3438599999999994,240.96611566666667,901.4914390099859,908.6326781100054
2026-01-12T22:41:28.702694,OPEN_SHORT,KNCUSDT,193.7,,0.2345,45.42265,,-1.816906,,908.6326781100054,906.8157721100054
2026-01-12T22:41:36.069741,OPEN_LONG,OBTUSDT,19980.0,,0.002269,45.33462,,-9.066924,,906.8157721100054,897.7488481100054
2026-01-12T22:41:47.162370,OPEN_LONG,SYSUSDT,2344.0,,0.01915,44.8876,,-2.24438,,897.7488481100054,895.5044681100054
2026-01-12T22:49:02.040363,CLOSE_LONG,GRTUSDT,1173.8,,0.04122,48.384035999999995,1.9949904799999998,-1.4907260000000022,241.10722783333333,895.5044681100054,871.0033497399937
2026-01-12T23:03:19.440708,CLOSE_SHORT,XRPUSDT,21.7,,2.0577,44.65643,0.5981098666666667,0.20181000000000182,104.3279454,871.0033497399937,874.9705373000116
2026-01-12T23:07:32.881310,CLOSE_SHORT,ADAUSDT,116.0,,0.3873,44.9152,0.60784,0.6728000000000023,68.38783301666668,874.9705373000116,889.0185732099864
2026-01-12T23:15:17.572579,CLOSE_LONG,SNXUSDT,98.4,,0.4636,45.61824000000001,1.8640896,-0.9839999999999947,240.58559193333335,889.0185732099864,900.5156945999998
2026-01-12T23:17:05.225537,OPEN_SHORT,BNBUSDT,0.05,,905.5,45.275000000000006,,-0.9055000000000001,,900.5156945999998,899.6101945999999
2026-01-12T23:31:14.776196,CLOSE_SHORT,BNBUSDT,0.05,,903.8,45.19,0.9055000000000001,0.08500000000000796,14.14034,899.6101945999999,894.7910346900044
2026-01-12T23:39:28.956688,CLOSE_SHORT,SUSHIUSDT,144.9,,0.3131,45.36819,1.831536,0.4202100000000044,163.61530443333334,894.7910346900044,904.7144658699854
2026-01-13T00:04:07.067183,OPEN_SHORT,ALGOUSDT,349.9,,0.12927,45.231573,,-0.9046314599999999,,904.7144658699854,903.8098344099853
2026-01-13T00:04:19.162433,OPEN_SHORT,COMPUSDT,1.74,,25.93,45.1182,,-1.804728,,903.8098344099853,902.0051064099854
2026-01-13T00:04:24.977436,OPEN_SHORT,CRVUSDT,115.8,,0.3895,45.1041,,-0.902082,,902.0051064099854,901.1030244099854
2026-01-13T00:04:52.864786,OPEN_SHORT,XRPUSDT,22.0,,2.0525,45.1572,,-0.6020960000000001,,901.1030244099854,900.5009284099855
2026-01-13T00:07:37.552195,CLOSE_LONG,ARBUSDT,226.8,,0.2007,45.51876,0.9180864,-0.3855599999999981,148.7120522,900.5009284099855,875.9460722300049
2026-01-13T00:14:18.303274,CLOSE_LONG,VETUSDT,3909.0,,0.0113,44.171699999999994,1.78531848,-0.46126200000000495,109.76499763333332,875.9460722300049,868.1833087799954
2026-01-13T00:59:07.196399,OPEN_LONG,NEARUSDT,25.9,,1.6791,43.48869,,-0.8697737999999999,,868.1833087799954,867.3135349799954
2026-01-13T01:04:07.998214,CLOSE_SHORT,XRPUSDT,22.0,,2.0491,45.0824,0.6020960000000001,0.07480000000000331,59.24097506666667,867.3135349799954,853.4594445300131
2026-01-13T01:05:31.443461,OPEN_LONG,ICPUSDT,13.7,,3.104,42.5248,,-0.850496,,853.4594445300131,852.6089485300131
2026-01-13T01:05:49.726713,OPEN_LONG,SUSHIUSDT,135.9,,0.3137,42.63183,,-1.7052732,,852.6089485300131,850.9036753300131
2026-01-13T01:05:56.263336,OPEN_LONG,VETUSDT,3775.0,,0.01127,42.544250000000005,,-1.7017700000000002,,850.9036753300131,849.2019053300131
2026-01-13T01:07:10.382866,OPEN_LONG,AAVEUSDT,0.26,,165.24,42.9624,,-0.572832,,849.2019053300131,848.6290733300132
2026-01-13T01:24:18.590689,OPEN_SHORT,ARBUSDT,211.8,,0.2003,42.42354,,-0.8484708000000001,,848.6290733300132,847.7806025300132
2026-01-13T01:24:30.229753,OPEN_SHORT,DOTUSDT,20.7,,2.0485,42.40395,,-0.848079,,847.7806025300132,846.9325235300132
2026-01-13T01:29:07.931782,CLOSE_LONG,AAVEUSDT,0.26,,165.74,43.092400000000005,0.572832,0.13000000000000256,21.935812283333334,846.9325235300132,805.369671419998
2026-01-13T01:29:26.836767,CLOSE_LONG,ICPUSDT,13.7,,3.12,42.7303,0.850496,0.20550000000000068,23.911222983333335,805.369671419998,814.145253759991
2026-01-13T01:31:18.684725,OPEN_SHORT,SNXUSDT,89.0,,0.4573,40.6997,,-1.627988,,814.145253759991,812.517265759991
2026-01-13T01:36:11.760986,CLOSE_LONG,SUSHIUSDT,135.9,,0.314,42.6726,1.7052732,0.04077000000000197,30.35153496666667,812.517265759991,814.9643410299909
2026-01-13T02:28:15.877136,CLOSE_LONG,FILUSDT,30.1,,1.4675,44.17175,1.7798732000000002,-0.3250799999999998,240.89408705,814.9643410299909,806.9917056999989
2026-01-13T02:28:23.161813,CLOSE_LONG,OPUSDT,141.6,,0.3094,43.81104,0.8889648,-0.6372,240.82742803333335,806.9917056999989,817.3856587299965
2026-01-13T02:42:20.112994,CLOSE_SHORT,KNCUSDT,193.7,,0.2334,45.209579999999995,1.816906,0.21307000000000187,240.8482101666667,817.3856587299965,829.5924140700085
2026-01-13T02:42:26.175901,CLOSE_LONG,OBTUSDT,19980.0,,0.002266,45.27468,9.066924,-0.059940000000004545,240.82656778333333,829.5924140700085,846.7933274399843
2026-01-13T02:42:34.825376,CLOSE_LONG,SYSUSDT,2344.0,,0.01903,44.60632,2.24438,-0.2812800000000024,240.7789994,846.7933274399843,850.1412701199883
2026-01-13T02:42:55.987324,OPEN_SHORT,KNCUSDT,182.1,,0.2334,42.50214,,-1.7000856,,850.1412701199883,848.4411845199884
2026-01-13T02:43:05.854600,OPEN_LONG,OBTUSDT,18720.0,,0.002266,42.41952,,-8.483903999999999,,848.4411845199884,839.9572805199883
2026-01-13T02:43:18.581214,OPEN_LONG,SYSUSDT,2207.0,,0.01903,41.99921,,-2.0999605,,839.9572805199883,837.8573200199884
2026-01-13T04:04:38.976687,CLOSE_SHORT,ALGOUSDT,349.9,,0.13002,45.500995999999994,0.9046314599999999,-0.2694229999999962,240.48974048333332,837.8573200199884,800.0551848200106
2026-01-13T04:04:45.537102,CLOSE_SHORT,COMPUSDT,1.74,,26.06,45.3444,1.804728,-0.22619999999999862,240.42636043333331,800.0551848200106,810.6988933599918
2026-01-13T04:04:52.135336,CLOSE_SHORT,CRVUSDT,115.8,,0.3972,45.99576,0.902082,-0.8916599999999946,240.43931521666667,810.6988933599918,820.3249851399872
2026-01-13T04:59:35.762688,CLOSE_LONG,NEARUSDT,25.9,,1.7017,44.07403,0.8697737999999999,0.5853400000000022,240.4647513666667,820.3249851399872,837.2761068400126
2026-01-13T05:07:34.561742,CLOSE_LONG,VETUSDT,3775.0,,0.01126,42.506499999999996,1.7017700000000002,-0.03775000000000972,241.60359756666668,837.2761068400126,854.9798127300004
2026-01-13T05:25:04.470935,CLOSE_SHORT,ARBUSDT,211.8,,0.2028,42.95304,0.8484708000000001,-0.5294999999999987,240.7527218,854.9798127300004,872.6663868499876
2026-01-13T05:25:08.758644,CLOSE_SHORT,DOTUSDT,20.7,,2.0648,42.72273,0.848079,-0.31877999999999673,240.62997031666666,872.6663868499876,873.4366544300123
2026-01-13T05:31:30.020820,CLOSE_SHORT,SNXUSDT,89.0,,0.4554,40.4861,1.627988,0.21359999999999957,240.17571206666668,873.4366544300123,874.3704425099844
2026-01-13T06:43:44.717856,CLOSE_SHORT,KNCUSDT,182.1,,0.239,43.521899999999995,1.7000856,-1.019759999999998,240.79059049999998,874.3704425099844,878.1380701500005
2026-01-13T06:43:50.142451,CLOSE_LONG,OBTUSDT,18720.0,,0.002276,42.606719999999996,8.483903999999999,0.18719999999999715,240.72513556666667,878.1380701500005,890.6935141999987
2026-01-13T06:43:57.043407,CLOSE_LONG,SYSUSDT,2207.0,,0.019366,42.740762000000004,2.0999605,0.7415520000000058,240.63004335,890.6935141999987,909.3324152899862
2026-01-13T06:44:17.674856,OPEN_SHORT,KNCUSDT,190.2,,0.239,45.4578,,-1.818312,,909.3324152899862,907.5141032899862
2026-01-13T06:44:28.119605,OPEN_LONG,OBTUSDT,19940.0,,0.002276,45.38343999999999,,-9.076687999999999,,907.5141032899862,898.4374152899862
2026-01-13T06:44:41.806278,OPEN_LONG,SYSUSDT,2320.0,,0.019366,44.929120000000005,,-2.2464560000000002,,898.4374152899862,896.1909592899863
2026-01-16T22:55:46.533877,OPEN_LONG,0GUSDT,56.7,,,49.95837,0.9991674,-0.9991674,,1000.0,999.0008326
2026-01-16T22:56:00.513738,OPEN_LONG,ASPUSDT,1033.0,,,49.966210000000004,2.4983105,-2.4983105,,999.0008326,996.5025221
2026-01-16T22:56:07.929539,OPEN_LONG,AVAXUSDT,3.7,,,50.1794,1.003588,-1.003588,,996.5025221,995.4989340999999
2026-01-16T22:56:16.965622,OPEN_LONG,CETUSUSDT,1802.0,,,49.77124,1.9908496,-1.9908496,,995.4989340999999,993.5080844999999
2026-01-16T22:56:46.293768,OPEN_LONG,JCTUSDT,20100.0,,,49.705290000000005,2.4852645000000004,-2.4852645000000004,,993.5080844999999,991.0228199999999
2026-01-16T22:57:48.948852,OPEN_LONG,VINEUSDT,1712.0,,,49.54528,1.9818111999999999,-1.9818111999999999,,991.0228199999999,989.0410087999999
2026-01-16T23:26:27.575958,OPEN_LONG,ESPORTSUSDT,106.0,,,49.3695,2.468475,-2.468475,,989.0410087999999,986.5725337999999
2026-01-16T23:33:15.834102,OPEN_LONG,1000XUSDT,2520.0,,,49.38948,9.877896,-9.877896,,986.5725337999999,976.6946377999999
2026-01-16T23:33:33.033915,OPEN_LONG,AEVOUSDT,1145.3,,,48.835592,1.95342368,-1.95342368,,976.6946377999999,974.7412141199999
2026-01-16T23:33:39.027995,OPEN_LONG,AIOUSDT,320.0,,,48.8512,9.77024,-9.77024,,974.7412141199999,964.9709741199999
2026-01-16T23:52:53.095123,OPEN_LONG,HNTUSDT,35.32,,,48.250652,3.8600521600000004,-3.8600521600000004,,964.9709741199999,961.1109219599999
2026-01-16T23:54:27.484099,OPEN_LONG,OMUSDT,624.0,,,48.02928,0.9605856,-0.9605856,,961.1109219599999,960.15033636
2026-01-16T23:58:09.133967,OPEN_LONG,ADAUSDT,121.0,,,47.9281,0.6390413333333334,-0.6390413333333334,,960.15033636,959.5112950266666
2026-01-16T23:58:38.898853,OPEN_LONG,ATOMUSDT,19.2,,,47.86559999999999,0.6382079999999999,-0.6382079999999999,,959.5112950266666,958.8730870266667
2026-01-16T23:59:41.213887,OPEN_LONG,DOTUSDT,22.6,,,48.04986,0.9609972,-0.9609972,,958.8730870266667,957.9120898266667
2026-01-17T00:09:25.094766,OPEN_LONG,NEARUSDT,27.7,,,47.94316,0.9588632,-0.9588632,,957.9120898266667,956.9532266266667
2026-01-17T00:13:37.916451,OPEN_LONG,ARBUSDT,228.8,,,47.855808,0.9571161600000001,-0.9571161600000001,,956.9532266266667,955.9961104666667
2026-01-17T00:37:58.896938,OPEN_LONG,ICPUSDT,11.4,,,47.925599999999996,0.9585119999999999,-0.9585119999999999,,955.9961104666667,955.0375984666666
2026-01-17T00:40:23.659026,OPEN_LONG,SNXUSDT,101.1,,,47.739419999999996,1.9095767999999997,-1.9095767999999997,,955.0375984666666,953.1280216666667
2026-01-17T01:27:09.516507,OPEN_LONG,BNBUSDT,0.05,,,46.94,0.9388,-0.9388,,953.1280216666667,952.1892216666666
2026-01-17T02:10:52.272979,OPEN_LONG,FILUSDT,31.5,,,47.66265,1.906506,-1.906506,,952.1892216666666,950.2827156666666
2026-01-17T02:56:45.267494,CLOSE_LONG,0GUSDT,56.7,,0.8849,50.17383,0.9991674,0.2154600000000002,240.97889361666665,950.2827156666666,766.25136334665
2026-01-17T02:56:49.209517,CLOSE_LONG,ASPUSDT,1033.0,,0.04898,50.596340000000005,2.4983105,0.6301300000000012,240.81157458333334,766.25136334665,779.4759218366584
2026-01-17T02:56:53.410564,CLOSE_LONG,AVAXUSDT,3.7,,13.587,50.2719,1.003588,0.09250000000000114,240.7580004333333,779.4759218366584,789.8867013666662
2026-01-17T02:56:57.394410,CLOSE_LONG,CETUSUSDT,1802.0,,0.02782,50.131640000000004,1.9908496,0.3604000000000056,240.6737964666667,789.8867013666662,800.0820435766713
2026-01-17T03:02:23.356096,CLOSE_LONG,JCTUSDT,20100.0,,0.0025584,51.423840000000006,2.4852645000000004,1.7185500000000005,245.61768001666667,800.0820435766713,821.0834634666447
2026-01-17T03:02:27.374859,CLOSE_LONG,VINEUSDT,1712.0,,0.02912,49.85344,1.9818111999999999,0.3081600000000009,244.6404177,821.0834634666447,831.0906570866704
2026-01-17T03:29:39.826064,CLOSE_LONG,ESPORTSUSDT,106.0,,0.45688,48.42928,2.468475,-0.9402200000000036,243.2040668,831.0906570866704,828.3996452066698
2026-01-17T03:31:13.569775,OPEN_LONG,ESPORTSUSDT,91.0,,,41.553329999999995,2.0776665,-2.0776665,,828.3996452066698,826.3219787066698
2026-01-17T03:35:28.129128,CLOSE_LONG,1000XUSDT,2520.0,,0.019749,49.76748,9.877896,0.3780000000000001,242.20481626666665,826.3219787066698,827.8789487366519
2026-01-17T03:35:31.537621,CLOSE_LONG,AEVOUSDT,1145.3,,0.04319,49.465506999999995,1.95342368,0.6299149999999969,241.97499451666667,827.8789487366519,837.1968505566545
2026-01-17T03:35:35.139641,CLOSE_LONG,AIOUSDT,320.0,,0.15344,49.1008,9.77024,0.24960000000000093,241.9351941,837.1968505566545,844.476597796667
2026-01-17T03:35:53.456752,OPEN_LONG,1000XUSDT,2140.0,,,42.262859999999996,8.452572,-8.452572,,844.476597796667,836.0240257966669
2026-01-17T03:36:05.275489,OPEN_LONG,AEVOUSDT,967.8,,,41.799282,1.67197128,-1.67197128,,836.0240257966669,834.352054516667
2026-01-17T03:36:10.683390,OPEN_LONG,AIOUSDT,270.0,,,41.428799999999995,8.28576,-8.28576,,834.352054516667,826.066294516667
2026-01-17T03:46:08.002045,OPEN_LONG,XRPUSDT,20.0,,,41.292,0.55056,-0.55056,,826.066294516667,825.515734516667
2026-01-17T03:48:28.823870,OPEN_LONG,CRVUSDT,96.5,,,41.29235,0.825847,-0.825847,,825.515734516667,824.689887516667
2026-01-17T03:50:26.700678,OPEN_LONG,OPUSDT,120.1,,,41.21832,0.8243663999999999,-0.8243663999999999,,824.689887516667,823.865521116667
2026-01-17T03:53:01.023295,CLOSE_LONG,HNTUSDT,35.32,,1.3817,48.801643999999996,3.8600521600000004,0.5509919999999937,240.1321362,823.865521116667,781.0241527866647
2026-01-17T03:55:18.644541,OPEN_LONG,HNTUSDT,28.14,,,39.047064,3.12376512,-3.12376512,,781.0241527866647,777.9003876666646
2026-01-17T03:59:56.205889,CLOSE_LONG,OMUSDT,624.0,,0.07645,47.71104,0.9605856,-0.31824000000000296,245.47865493333333,777.9003876666646,770.6334577166525
2026-01-17T04:00:00.495076,CLOSE_LONG,ADAUSDT,121.0,,0.3958,47.8797,0.6390413333333334,-0.04840000000000089,241.85601848333332,770.6334577166525,781.3770146766436
2026-01-17T04:00:04.964989,CLOSE_LONG,ATOMUSDT,19.2,,2.514,48.26879999999999,0.6382079999999999,0.4031999999999982,241.43440288333335,781.3770146766436,804.1558473766598
2026-01-17T04:00:10.826297,CLOSE_LONG,DOTUSDT,22.6,,2.1242,48.00240000000001,0.9609972,-0.04745999999999384,240.49337081666667,804.1558473766598,812.4898512366452
2026-01-17T04:04:12.274951,OPEN_LONG,OMUSDT,531.0,,,40.60557,0.8121114,-0.8121114,,812.4898512366452,811.6777398366452
2026-01-17T04:14:20.113638,CLOSE_LONG,NEARUSDT,27.7,,1.7252,47.78804,0.9588632,-0.1551199999999966,244.91694591666666,811.6777398366452,814.212226386668
2026-01-17T04:14:24.828128,CLOSE_LONG,ARBUSDT,228.8,,0.21101,48.279088,0.9571161600000001,0.4232799999999983,240.78182819999998,814.212226386668,823.8699571866513
2026-01-17T04:41:33.378329,CLOSE_LONG,ICPUSDT,11.4,,4.086,46.580400000000004,0.9585119999999999,-1.3451999999999913,243.57468985,823.8699571866513,825.5363907566556
2026-01-17T04:41:38.197209,CLOSE_LONG,SNXUSDT,101.1,,0.4738,47.90118,1.9095767999999997,0.16176000000000101,241.24230305,825.5363907566556,836.3371960566641
2026-01-30T02:55:15.660536,OPEN_LONG,ADAUSDT,150.0,,,50.055,0.6674,-0.6674,,1000.0,999.3326
2026-01-30T02:55:18.527976,OPEN_LONG,ALGOUSDT,435.5,,,49.964915,0.9992983,-0.9992983,,999.3326,998.3333017
2026-01-30T02:55:21.766532,OPEN_LONG,ARBUSDT,315.6,,,49.908984000000004,0.9981796800000001,-0.9981796800000001,,998.3333017,997.33512202
2026-01-30T02:55:25.504384,OPEN_LONG,ATOMUSDT,23.6,,,49.97064,0.6662752000000001,-0.6662752000000001,,997.33512202,996.66884682
2026-01-30T02:55:30.145471,OPEN_LONG,BNBUSDT,0.06,,,51.894,1.03788,-1.03788,,996.66884682,995.63096682
2026-01-30T02:55:35.090516,OPEN_LONG,COMPUSDT,2.19,,,49.712999999999994,1.9885199999999998,-1.9885199999999998,,995.63096682,993.64244682
2026-01-30T02:55:40.465845,OPEN_LONG,CRVUSDT,151.1,,,49.69679,0.9939358,-0.9939358,,993.64244682,992.64851102
2026-01-30T02:55:46.350832,OPEN_LONG,DOTUSDT,28.6,,,49.65818,0.9931636,-0.9931636,,992.64851102,991.65534742
2026-01-30T02:55:52.603921,OPEN_LONG,FILUSDT,41.6,,,49.61216,1.9844864000000002,-1.9844864000000002,,991.65534742,989.67086102
2026-01-30T02:56:00.489223,OPEN_LONG,GRTUSDT,1461.4,,,49.48300400000001,1.9793201600000003,-1.9793201600000003,,989.67086102,987.6915408599999
2026-01-30T02:56:08.485679,OPEN_LONG,NEARUSDT,36.1,,,49.41729,0.9883458,-0.9883458,,987.6915408599999,986.7031950599999
2026-01-30T02:56:16.658199,OPEN_LONG,SNXUSDT,127.0,,,49.3395,1.9735800000000001,-1.9735800000000001,,986.7031950599999,984.7296150599999
2026-01-30T02:56:26.295334,OPEN_LONG,XRPUSDT,27.4,,,49.25972,0.6567962666666667,-0.6567962666666667,,984.7296150599999,984.0728187933332
2026-01-30T02:57:43.940298,OPEN_LONG,AAVEUSDT,0.34,,,49.84740000000001,0.6646320000000001,-0.6646320000000001,,984.0728187933332,983.4081867933332
2026-01-30T02:57:58.972272,OPEN_LONG,ICPUSDT,15.8,,,49.1064,0.982128,-0.982128,,983.4081867933332,982.4260587933333
2026-01-30T02:58:10.357378,OPEN_LONG,VETUSDT,5260.0,,,49.11788000000001,1.9647152000000003,-1.9647152000000003,,982.4260587933333,980.4613435933333
2026-01-30T02:59:34.845410,CLOSE_LONG,FILUSDT,41.6,,1.1926,49.61216,1.9844864000000002,0.0,3.70400605,980.4613435933333,834.4548473233498
2026-01-30T02:59:46.841456,CLOSE_LONG,NEARUSDT,36.1,,1.37,49.45700000000001,0.9883458,0.03971000000000657,3.63926295,834.4548473233498,840.023462763338
2026-01-30T03:01:08.362360,CLOSE_LONG,AAVEUSDT,0.34,,146.47,49.799800000000005,0.6646320000000001,-0.04760000000000275,3.407011466666667,840.023462763338,856.5517130133429
2026-01-30T03:01:19.791188,CLOSE_LONG,ADAUSDT,150.0,,0.3338,50.07,0.6674,0.015000000000000568,6.0688442,856.5517130133429,861.8176027033386
2026-01-30T03:01:30.488354,CLOSE_LONG,BNBUSDT,0.06,,863.8,51.833999999999996,1.03788,-0.060000000000002274,6.0057082,861.8176027033386,876.3415173233569
2026-01-30T03:01:40.172987,CLOSE_LONG,CRVUSDT,151.1,,0.3287,49.65146,0.9939358,-0.04532999999999987,5.99510155,876.3415173233569,889.7495402533585
2026-01-30T03:01:50.423346,OPEN_LONG,NEARUSDT,32.5,,,44.52175,0.890435,-0.890435,,889.7495402533585,888.8591052533585
2026-01-30T03:01:58.601391,OPEN_LONG,OPUSDT,163.9,,,44.43329,0.8886658,-0.8886658,,888.8591052533585,887.9704394533585
2026-01-30T03:02:07.459980,CLOSE_LONG,SNXUSDT,127.0,,0.3883,49.314099999999996,1.9735800000000001,-0.025400000000004752,5.846679783333333,887.9704394533585,877.3359823733447
2026-01-30T03:02:16.044831,OPEN_LONG,SUSHIUSDT,159.5,,,43.87845,1.755138,-1.755138,,877.3359823733447,875.5808443733447
2026-01-30T03:03:26.393581,CLOSE_LONG,XRPUSDT,27.4,,1.7966,49.2241,0.6567962666666667,-0.03562000000000154,7.0016374500000005,875.5808443733447,873.6917209133578
2026-01-30T03:04:44.976338,OPEN_LONG,ADAUSDT,131.0,,,43.662299999999995,0.5821639999999999,-0.5821639999999999,,873.6917209133578,873.1095569133578
2026-01-30T03:05:01.738221,CLOSE_LONG,COMPUSDT,2.19,,22.642,49.58598,1.9885199999999998,-0.12701999999999458,9.444110116666668,873.1095569133578,880.9728387833567
2026-01-30T03:05:15.774410,OPEN_LONG,CRVUSDT,133.9,,,44.03971000000001,0.8807942000000001,-0.8807942000000001,,880.9728387833567,880.0920445833567
2026-01-30T03:05:31.324574,CLOSE_LONG,GRTUSDT,1461.4,,0.03385,49.46839,1.9793201600000003,-0.014614000000008787,9.513922516666666,880.0920445833567,879.3893123033436
2026-01-30T03:05:48.909196,CLOSE_LONG,SUSHIUSDT,159.5,,0.2752,43.8944,1.755138,0.015949999999996578,3.5477227499999997,879.3893123033436,886.1937565133362
2026-01-30T03:06:01.952059,CLOSE_LONG,VETUSDT,5260.0,,0.009339,49.12314,1.9647152000000003,0.005259999999992715,7.8599041,886.1937565133362,893.9535933933607
2026-01-30T03:07:24.371148,OPEN_LONG,AAVEUSDT,0.31,,,45.418099999999995,0.6055746666666666,-0.6055746666666666,,893.9535933933607,893.348018726694
2026-01-30T03:07:36.955088,CLOSE_LONG,ADAUSDT,131.0,,0.3339,43.727799999999995,0.5821639999999999,0.06550000000000011,2.86627935,893.348018726694,897.5620958866892
2026-01-30T03:07:52.321813,OPEN_LONG,BNBUSDT,0.05,,,43.160000000000004,0.8632000000000001,-0.8632000000000001,,897.5620958866892,896.6988958866892
2026-01-30T03:08:06.895693,OPEN_LONG,FILUSDT,37.6,,,44.89064,1.7956256,-1.7956256,,896.6988958866892,894.9032702866892
2026-01-30T03:08:20.577616,OPEN_LONG,GRTUSDT,1319.5,,,44.74424500000001,1.7897698000000002,-1.7897698000000002,,894.9032702866892,893.1135004866892
2026-01-30T03:08:35.739614,OPEN_LONG,SNXUSDT,114.7,,,44.65271,1.7861084,-1.7861084,,893.1135004866892,891.3273920866892
2026-01-30T03:08:50.558032,OPEN_LONG,SUSHIUSDT,161.8,,,44.575900000000004,1.783036,-1.783036,,891.3273920866892,889.5443560866892
2026-01-30T03:09:06.835400,OPEN_LONG,VETUSDT,4755.0,,,44.473515,1.7789405999999999,-1.7789405999999999,,889.5443560866892,887.7654154866891
2026-01-30T03:10:39.036016,OPEN_LONG,ADAUSDT,133.0,,,44.4353,0.5924706666666666,-0.5924706666666666,,887.7654154866891,887.1729448200224
2026-01-30T03:10:58.772457,CLOSE_LONG,BNBUSDT,0.05,,862.8,43.14,0.8632000000000001,-0.020000000000003126,3.107479666666667,887.1729448200224,831.8748403800148
2026-01-30T03:11:16.789386,OPEN_LONG,COMPUSDT,1.84,,,41.5932,1.663728,-1.663728,,831.8748403800148,830.2111123800148
2026-01-30T03:11:41.593221,OPEN_LONG,XRPUSDT,23.1,,,41.56383,0.5541844,-0.5541844,,830.2111123800148,829.6569279800148
2026-01-30T03:13:15.885473,CLOSE_LONG,AAVEUSDT,0.31,,146.51,45.418099999999995,0.6055746666666666,0.0,5.858572083333333,829.6569279800148,818.274623640025
2026-01-30T03:13:37.593936,OPEN_LONG,BNBUSDT,0.05,,,43.11000000000001,0.8622000000000001,-0.8622000000000001,,818.274623640025,817.4124236400249
2026-01-30T03:14:02.044404,CLOSE_LONG,SUSHIUSDT,161.8,,0.2758,44.62444,1.783036,0.04853999999999559,5.1914226333333335,817.4124236400249,822.7033200900197
2026-01-30T03:14:21.585124,CLOSE_LONG,XRPUSDT,23.1,,1.8002,41.58462,0.5541844,0.020789999999998088,2.666531716666667,822.7033200900197,833.416794890015
2026-01-30T03:15:53.364573,OPEN_LONG,AAVEUSDT,0.28,,,41.09,0.5478666666666667,-0.5478666666666667,,833.416794890015,832.8689282233483
2026-01-30T03:16:11.397620,CLOSE_LONG,ALGOUSDT,435.5,,0.11548,50.29154,0.9992983,0.32662499999999994,20.88114411666667,832.8689282233483,836.1438959933532
2026-01-30T03:16:29.658833,CLOSE_LONG,ATOMUSDT,23.6,,2.1274,50.23732,0.6662752000000001,0.2666799999999938,21.069223700000002,836.1438959933532,848.4139861833485
2026-01-30T03:16:54.284044,OPEN_LONG,SUSHIUSDT,153.5,,,42.41205,1.696482,-1.696482,,848.4139861833485,846.7175041833485
2026-01-30T03:17:10.972844,OPEN_LONG,XRPUSDT,23.5,,,42.318799999999996,0.5642506666666666,-0.5642506666666666,,846.7175041833485,846.1532535166818
2026-01-30T03:18:43.426641,CLOSE_LONG,AAVEUSDT,0.28,,146.5,41.04240000000001,0.5478666666666667,-0.047599999999995646,2.8341005166666666,846.1532535166818,838.3921799366701
2026-01-30T03:19:00.304787,CLOSE_LONG,ADAUSDT,133.0,,0.3341,44.4353,0.5924706666666666,0.0,8.354215066666667,838.3921799366701,834.5483575366718
2026-01-30T03:19:18.804215,CLOSE_LONG,BNBUSDT,0.05,,861.9,43.095,0.8622000000000001,-0.015000000000007674,5.686837983333334,834.5483575366718,854.7580191666832
2026-01-30T03:19:35.220887,CLOSE_LONG,COMPUSDT,1.84,,22.614,41.62264,1.663728,0.029439999999993915,8.307191683333334,854.7580191666832,865.52558791667
2026-01-30T03:19:49.817840,CLOSE_LONG,CRVUSDT,133.9,,0.3297,44.14683,0.8807942000000001,0.10711999999999477,14.567373733333334,865.52558791667,867.4959146866797
2026-01-30T03:20:03.122636,CLOSE_LONG,DOTUSDT,28.6,,1.7423,49.821200000000005,0.9931636,0.16302000000000305,24.279518900000003,867.4959146866797,879.624372706666
2026-01-30T03:20:16.803386,CLOSE_LONG,ICPUSDT,15.8,,3.099,48.964200000000005,0.982128,-0.14219999999999544,22.297179416666665,879.624372706666,886.3583944466711
2026-01-30T03:20:29.440898,CLOSE_LONG,NEARUSDT,32.5,,1.3756,44.710249999999995,0.890435,0.18849999999999767,18.650275616666665,886.3583944466711,893.5455730966689
2026-01-30T03:20:40.580026,CLOSE_LONG,OPUSDT,163.9,,0.2723,44.646359999999994,0.8886658,0.21306999999999476,18.699643916666666,893.5455730966689,909.0346586566932
2026-01-30T03:20:50.837484,CLOSE_LONG,SNXUSDT,114.7,,0.3896,44.68712,1.7861084,0.03441000000000116,12.25161425,909.0346586566932,906.0855973466871
2026-01-30T03:21:01.432329,CLOSE_LONG,VETUSDT,4755.0,,0.009336,44.402190000000004,1.7789405999999999,-0.07132499999999453,11.909866066666666,906.0855973466871,911.8977328666708
2026-01-30T03:21:10.300511,CLOSE_LONG,XRPUSDT,23.5,,1.7965,42.21305,0.5642506666666666,-0.10574999999999335,3.98879445,911.8977328666708,923.5526155366726
2026-01-30T03:22:25.118731,CLOSE_LONG,ARBUSDT,315.6,,0.15858,50.035224,0.9981796800000001,0.1262399999999957,27.055756966666667,923.5526155366726,939.9202384066932
2026-01-30T03:22:35.591086,CLOSE_LONG,FILUSDT,37.6,,1.1929,44.85304000000001,1.7956256,-0.03759999999999053,14.478223516666667,939.9202384066932,957.9314400366904
2026-01-30T03:22:41.841282,CLOSE_LONG,GRTUSDT,1319.5,,0.03397,44.823415,1.7897698000000002,0.07916999999999064,14.35437775,957.9314400366904,959.509006256679
2026-01-30T03:22:50.105902,CLOSE_LONG,SUSHIUSDT,153.5,,0.2754,42.2739,1.696482,-0.1381500000000031,5.930342416666666,959.509006256679,965.6419149266778
2026-01-30T03:25:08.964124,OPEN_LONG,AAVEUSDT,0.33,,,48.3945,0.6452600000000001,-0.6452600000000001,,965.6419149266778,964.9966549266778
2026-01-30T03:25:13.310249,OPEN_LONG,ADAUSDT,144.0,,,48.1104,0.6414719999999999,-0.6414719999999999,,964.9966549266778,964.3551829266778
2026-01-30T03:25:18.332256,OPEN_LONG,ALGOUSDT,418.0,,,48.22048,0.9644096000000001,-0.9644096000000001,,964.3551829266778,963.3907733266778
2026-01-30T03:25:24.728867,OPEN_LONG,ARBUSDT,302.8,,,48.17245200000001,0.9634490400000001,-0.9634490400000001,,963.3907733266778,962.4273242866778
2026-01-30T03:25:31.629093,OPEN_LONG,ATOMUSDT,22.6,,,48.20354,0.6427138666666666,-0.6427138666666666,,962.4273242866778,961.7846104200112
2026-01-30T03:25:39.506371,OPEN_LONG,BNBUSDT,0.06,,,51.702,1.03404,-1.03404,,961.7846104200112,960.7505704200112
2026-01-30T03:25:48.714173,OPEN_LONG,COMPUSDT,2.12,,,48.022240000000004,1.9208896000000002,-1.9208896000000002,,960.7505704200112,958.8296808200112
2026-01-30T03:25:58.129680,OPEN_LONG,CRVUSDT,145.5,,,47.9277,0.958554,-0.958554,,958.8296808200112,957.8711268200111
2026-01-30T03:26:10.040543,OPEN_LONG,DOTUSDT,27.4,,,47.840399999999995,0.9568079999999999,-0.9568079999999999,,957.8711268200111,956.9143188200111
2026-01-30T03:26:21.220672,OPEN_LONG,FILUSDT,40.0,,,47.816,1.9126400000000001,-1.9126400000000001,,956.9143188200111,955.0016788200111
2026-01-30T03:26:32.753330,OPEN_LONG,GRTUSDT,1400.3,,,47.750229999999995,1.9100091999999997,-1.9100091999999997,,955.0016788200111,953.0916696200111
2026-01-30T03:26:45.379096,OPEN_LONG,ICPUSDT,15.3,,,47.583,0.95166,-0.95166,,953.0916696200111,952.1400096200111
2026-01-30T03:26:59.518763,OPEN_LONG,NEARUSDT,34.6,,,47.626900000000006,0.9525380000000001,-0.9525380000000001,,952.1400096200111,951.1874716200111
2026-01-30T03:27:13.638195,OPEN_LONG,OPUSDT,174.5,,,47.5687,0.9513739999999999,-0.9513739999999999,,951.1874716200111,950.2360976200112
2026-01-30T03:28:47.344746,CLOSE_LONG,ALGOUSDT,418.0,,0.11516,48.15778,0.9644096000000001,-0.06269999999999953,3.4834452666666667,950.2360976200112,839.799744060027
2026-01-30T03:29:03.697363,CLOSE_LONG,ATOMUSDT,22.6,,2.1318,48.17868000000001,0.6427138666666666,-0.024859999999989668,3.534471166666667,839.799744060027,839.3094400100204
2026-01-30T03:29:18.808122,CLOSE_LONG,BNBUSDT,0.06,,860.2,51.612,1.03404,-0.0899999999999963,3.6550291833333333,839.3094400100204,849.9421422000128
2026-01-30T03:29:31.981730,CLOSE_LONG,COMPUSDT,2.12,,22.628,47.971360000000004,1.9208896000000002,-0.05087999999999937,3.7211259500000002,849.9421422000128,855.6438998300259
2026-01-30T03:29:46.175590,CLOSE_LONG,CRVUSDT,145.5,,0.3286,47.840399999999995,0.958554,-0.08730000000000615,3.8007651666666664,855.6438998300259,869.9252201100139
2026-01-30T03:29:57.738258,CLOSE_LONG,DOTUSDT,27.4,,1.7432,47.76368,0.9568079999999999,-0.07671999999999457,3.7948788666666666,869.9252201100139,880.6276537800118
2026-01-30T03:30:09.117918,CLOSE_LONG,FILUSDT,40.0,,1.1928,47.751999999999995,1.9126400000000001,-0.06400000000000716,3.7982874333333334,880.6276537800118,887.8315414800277
2026-01-30T03:30:21.298251,CLOSE_LONG,NEARUSDT,34.6,,1.3731,47.51964,0.9525380000000001,-0.10726000000000369,3.3629823500000002,887.8315414800277,894.4884168400281
2026-01-30T03:30:30.834136,CLOSE_LONG,OPUSDT,174.5,,0.2719,47.446549999999995,0.9513739999999999,-0.12215000000000487,3.2865826166666663,894.4884168400281,917.1870365100008
2026-01-30T03:31:48.156707,CLOSE_LONG,AAVEUSDT,0.33,,146.58,48.37140000000001,0.6452600000000001,-0.02309999999999235,6.6531935,917.1870365100008,919.2326739100067
2026-01-30T03:31:56.395158,CLOSE_LONG,ADAUSDT,144.0,,0.334,48.081599999999995,0.6414719999999999,-0.028800000000003934,6.71805365,919.2326739100067,931.3580644300059
2026-01-30T03:32:04.473077,CLOSE_LONG,ARBUSDT,302.8,,0.15891,48.13006000000001,0.9634490400000001,-0.04239199999999954,6.6624035,931.3580644300059,940.5203641400117
2026-01-30T03:32:13.992912,OPEN_LONG,DOTUSDT,27.0,,,47.0799,0.941598,-0.941598,,940.5203641400117,939.5787661400117
2026-01-30T03:32:22.955934,OPEN_LONG,NEARUSDT,34.2,,,47.03526,0.9407052,-0.9407052,,939.5787661400117,938.6380609400117
2026-01-30T03:32:30.018482,OPEN_LONG,OPUSDT,172.2,,,46.94172,0.9388344,-0.9388344,,938.6380609400117,937.6992265400116
2026-01-30T03:32:38.713258,OPEN_LONG,SNXUSDT,120.3,,,46.892939999999996,1.8757175999999998,-1.8757175999999998,,937.6992265400116,935.8235089400116
2026-01-30T03:32:47.762797,OPEN_LONG,SUSHIUSDT,169.3,,,46.777590000000004,1.8711036,-1.8711036,,935.8235089400116,933.9524053400116
2026-01-30T03:32:57.150979,OPEN_LONG,VETUSDT,4994.0,,,46.693900000000006,1.8677560000000002,-1.8677560000000002,,933.9524053400116,932.0846493400117
2026-01-30T03:45:09.443631,OPEN_LONG,AAVEUSDT,0.35,,,50.01149999999999,0.6668199999999999,-0.6668199999999999,,1000.0,999.33318
2026-01-30T03:45:14.625376,OPEN_LONG,ADAUSDT,154.0,,,49.865199999999994,0.6648693333333333,-0.6648693333333333,,999.33318,998.6683106666667
2026-01-30T03:45:20.311261,OPEN_LONG,ALGOUSDT,441.1,,,49.928109,0.99856218,-0.99856218,,998.6683106666667,997.6697484866667
2026-01-30T03:45:27.013541,OPEN_LONG,ARBUSDT,323.1,,,49.88664000000001,0.9977328000000001,-0.9977328000000001,,997.6697484866667,996.6720156866667
2026-01-30T03:45:33.985217,OPEN_LONG,ATOMUSDT,23.9,,,49.81954999999999,0.6642606666666666,-0.6642606666666666,,996.6720156866667,996.00775502
2026-01-30T03:45:42.729328,OPEN_LONG,BNBUSDT,0.06,,,50.532000000000004,1.01064,-1.01064,,996.00775502,994.99711502
2026-01-30T03:45:52.196404,OPEN_LONG,COMPUSDT,2.25,,,49.833,1.99332,-1.99332,,994.99711502,993.00379502
2026-01-30T03:46:02.089680,OPEN_LONG,CRVUSDT,155.5,,,49.651149999999994,0.9930229999999999,-0.9930229999999999,,993.00379502,992.01077202
2026-01-30T03:46:13.651081,OPEN_LONG,DOTUSDT,29.0,,,49.5291,0.990582,-0.990582,,992.01077202,991.02019002
2026-01-30T03:46:25.375335,OPEN_LONG,FILUSDT,42.7,,,49.596050000000005,1.983842,-1.983842,,991.02019002,989.03634802
2026-01-30T03:46:38.496232,OPEN_LONG,GRTUSDT,1488.6,,,49.451291999999995,1.9780516799999999,-1.9780516799999999,,989.03634802,987.05829634
2026-01-30T03:46:51.546947,OPEN_LONG,ICPUSDT,16.2,,,49.4262,0.9885240000000001,-0.9885240000000001,,987.05829634,986.06977234
2026-01-30T03:47:05.747287,OPEN_LONG,NEARUSDT,36.7,,,49.33948,0.9867896,-0.9867896,,986.06977234,985.08298274
2026-01-30T03:47:21.381974,OPEN_LONG,OPUSDT,185.7,,,49.24764,0.9849528,-0.9849528,,985.08298274,984.0980299400001
2026-01-30T03:47:38.494300,OPEN_LONG,VETUSDT,5385.0,,,49.20274499999999,1.9681097999999997,-1.9681097999999997,,984.0980299400001,982.1299201400001
2026-01-30T03:49:10.023618,CLOSE_LONG,ADAUSDT,154.0,,0.3237,49.865199999999994,0.6648693333333333,0.0,3.9233040333333333,982.1299201400001,843.7636173199902
2026-01-30T03:49:26.211028,CLOSE_LONG,ALGOUSDT,441.1,,0.1124,49.561996,0.99856218,-0.3661129999999986,4.098297466666667,843.7636173199902,855.8758034700044
2026-01-30T03:49:42.726355,CLOSE_LONG,ATOMUSDT,23.9,,2.0899,49.93905,0.6642606666666666,0.11950000000000927,4.145685633333334,855.8758034700044,842.7379798300138
2026-01-30T03:49:57.586268,CLOSE_LONG,BNBUSDT,0.06,,843.0,50.59799999999999,1.01064,0.06599999999998829,4.2476156666666665,842.7379798300138,868.7723320899862
2026-01-30T03:50:11.676007,CLOSE_LONG,COMPUSDT,2.25,,22.218,49.9905,1.99332,0.15749999999999886,4.32439165,868.7723320899862,885.9151444599887
2026-01-30T03:50:27.157308,CLOSE_LONG,FILUSDT,42.7,,1.163,49.60032,1.983842,0.00426999999999822,4.02963205,885.9151444599887,882.0846238099952
2026-01-30T03:50:39.385053,CLOSE_LONG,GRTUSDT,1488.6,,0.03324,49.49595,1.9780516799999999,0.044658000000005416,4.0147969833333335,882.0846238099952,896.6722638199902
2026-01-30T03:50:51.734610,CLOSE_LONG,ICPUSDT,16.2,,3.044,49.32899999999999,0.9885240000000001,-0.09720000000000795,4.003127716666667,896.6722638199902,919.8906595500051
2026-01-30T03:51:02.633856,CLOSE_LONG,NEARUSDT,36.7,,1.3504,49.49729000000001,0.9867896,0.1578100000000049,3.9480928333333334,919.8906595500051,928.8942502200119
2026-01-30T03:51:13.188953,CLOSE_LONG,OPUSDT,185.7,,0.2666,49.41477,0.9849528,0.16713000000000022,3.8633833166666665,928.8942502200119,924.5075500299903
2026-01-30T03:51:24.895266,OPEN_LONG,SNXUSDT,121.2,,,46.2378,1.849512,-1.849512,,924.5075500299903,922.6580380299903
2026-01-30T03:51:35.535098,OPEN_LONG,SUSHIUSDT,171.2,,,46.1384,1.8455359999999998,-1.8455359999999998,,922.6580380299903,920.8125020299902
2026-01-30T03:51:47.001471,OPEN_LONG,XRPUSDT,26.5,,,46.08615,0.6144820000000001,-0.6144820000000001,,920.8125020299902,920.1980200299903
2026-01-30T03:53:06.803475,OPEN_LONG,ALGOUSDT,408.3,,,46.007244,0.92014488,-0.92014488,,920.1980200299903,919.2778751499903
2026-01-30T03:53:18.076369,CLOSE_LONG,ARBUSDT,323.1,,0.15549,50.23558800000001,0.9977328000000001,0.34894800000000004,7.850949866666666,919.2778751499903,891.4973733200062
2026-01-30T03:53:29.894707,OPEN_LONG,ATOMUSDT,21.2,,,44.503040000000006,0.5933738666666667,-0.5933738666666667,,891.4973733200062,890.9039994533396
2026-01-30T03:53:42.539365,OPEN_LONG,COMPUSDT,1.99,,,44.44864,1.7779455999999998,-1.7779455999999998,,890.9039994533396,889.1260538533396
2026-01-30T03:53:54.831743,CLOSE_LONG,CRVUSDT,155.5,,0.3213,49.99325,0.9930229999999999,0.3421000000000092,7.8789277166666665,889.1260538533396,883.2257136733396
2026-01-30T03:54:09.442477,OPEN_LONG,GRTUSDT,1323.4,,,44.161858,1.7664743200000002,-1.7664743200000002,,883.2257136733396,881.4592393533395
2026-01-30T03:54:22.793692,OPEN_LONG,ICPUSDT,14.5,,,44.08,0.8815999999999999,-0.8815999999999999,,881.4592393533395,880.5776393533395
2026-01-30T03:54:36.635104,OPEN_LONG,NEARUSDT,32.6,,,44.06216,0.8812432,-0.8812432,,880.5776393533395,879.6963961533395
2026-01-30T03:54:50.475210,OPEN_LONG,OPUSDT,164.9,,,43.97883,0.8795766,-0.8795766,,879.6963961533395,878.8168195533395
2026-01-30T04:06:42.661926,OPEN_LONG,ADAUSDT,135.0,,,43.902,0.58536,-0.58536,,878.8168195533395,878.2314595533395
2026-01-30T04:06:58.548818,CLOSE_LONG,ALGOUSDT,408.3,,0.11247,45.905169,0.92014488,-0.10207499999999925,13.862422383333334,878.2314595533395,849.8649259233358
2026-01-30T04:07:14.185222,OPEN_LONG,ARBUSDT,274.0,,,42.4974,0.8499479999999999,-0.8499479999999999,,849.8649259233358,849.0149779233358
2026-01-30T04:07:30.990383,OPEN_LONG,BNBUSDT,0.05,,,42.24,0.8448,-0.8448,,849.0149779233358,848.1701779233358
2026-01-30T04:07:49.500112,OPEN_LONG,CRVUSDT,133.0,,,42.413700000000006,0.8482740000000001,-0.8482740000000001,,848.1701779233358,847.3219039233359
2026-01-30T04:08:08.666716,OPEN_LONG,FILUSDT,36.6,,,42.390119999999996,1.6956048,-1.6956048,,847.3219039233359,845.6262991233359
2026-01-30T04:08:29.055614,CLOSE_LONG,NEARUSDT,32.6,,1.3433,43.807880000000004,0.8812432,-0.2542799999999943,13.873653016666667,845.6262991233359,841.8776446233367
2026-01-30T04:39:37.747225,OPEN_LONG,AAVEUSDT,0.35,,,49.854,0.66472,-0.66472,,1000.0,999.33528
2026-01-30T04:39:43.092734,OPEN_LONG,ADAUSDT,154.0,,,50.034600000000005,0.667128,-0.667128,,999.33528,998.668152
2026-01-30T04:39:48.764151,OPEN_LONG,ALGOUSDT,447.4,,,49.938787999999995,0.9987757599999999,-0.9987757599999999,,998.668152,997.66937624
2026-01-30T04:39:55.003857,OPEN_LONG,ARBUSDT,324.1,,,49.882231,0.99764462,-0.99764462,,997.66937624,996.6717316200001
2026-01-30T04:40:02.816104,OPEN_LONG,ATOMUSDT,23.9,,,49.84823,0.6646430666666667,-0.6646430666666667,,996.6717316200001,996.0070885533333
2026-01-30T04:40:10.386425,OPEN_LONG,BNBUSDT,0.06,,,50.592,1.01184,-1.01184,,996.0070885533333,994.9952485533333
2026-01-30T04:40:15.819810,OPEN_LONG,COMPUSDT,2.24,,,49.66080000000001,1.9864320000000004,-1.9864320000000004,,994.9952485533333,993.0088165533333
2026-01-30T04:40:22.842165,OPEN_LONG,DOTUSDT,29.0,,,49.589999999999996,0.9917999999999999,-0.9917999999999999,,993.0088165533333,992.0170165533333
2026-01-30T04:40:30.501006,OPEN_LONG,FILUSDT,42.7,,,49.544810000000005,1.9817924000000002,-1.9817924000000002,,992.0170165533333,990.0352241533333
2026-01-30T04:40:38.286678,OPEN_LONG,GRTUSDT,1490.1,,,49.501121999999995,1.98004488,-1.98004488,,990.0352241533333,988.0551792733332
2026-01-30T04:40:47.858446,OPEN_LONG,NEARUSDT,37.0,,,49.4431,0.988862,-0.988862,,988.0551792733332,987.0663172733332
2026-01-30T04:40:58.420709,OPEN_LONG,OPUSDT,185.9,,,49.35645,0.987129,-0.987129,,987.0663172733332,986.0791882733332
2026-01-30T04:41:09.040484,OPEN_LONG,SNXUSDT,129.6,,,49.29984,1.9719936000000002,-1.9719936000000002,,986.0791882733332,984.1071946733332
2026-01-30T04:41:19.130646,OPEN_LONG,SUSHIUSDT,181.8,,,49.213260000000005,1.9685304000000001,-1.9685304000000001,,984.1071946733332,982.1386642733332
2026-01-30T04:41:28.875283,OPEN_LONG,VETUSDT,5373.0,,,49.103846999999995,1.9641538799999998,-1.9641538799999998,,982.1386642733332,980.1745103933332
2026-01-30T04:41:39.328192,OPEN_LONG,XRPUSDT,28.0,,,49.0448,0.6539306666666667,-0.6539306666666667,,980.1745103933332,979.5205797266666
2026-01-30T04:43:02.374616,CLOSE_LONG,AAVEUSDT,0.35,,142.8,49.969500000000004,0.66472,0.11550000000000438,3.4104565166666663,979.5205797266666,837.024691226687
2026-01-30T04:43:13.801863,CLOSE_LONG,ALGOUSDT,447.4,,0.11197,50.077481999999996,0.9987757599999999,0.13869400000000098,3.4171456166666667,837.024691226687,846.5545802966793
2026-01-30T04:43:24.208576,CLOSE_LONG,ARBUSDT,324.1,,0.15449,50.063727,0.99764462,0.18149600000000277,3.486456883333333,846.5545802966793,856.7058019366799
